Mod334,Project Aircraft 35,0,0,,,,,,2016/04/23 08:00:00,0.0,2016/04/23 08:00:00,,,
Mod336,Ventilation/AC 336,0,0,Ventilation/AC,10,Mod335,0,Mod334,2016/04/23 08:00:00,0.0,2016/04/23 08:00:00,,,
Mod343,Ventilation/AC 343,0,0,Ventilation/AC,10,Mod335,0,Mod334,2016/04/23 08:00:00,0.0,2016/04/23 08:00:00,,,
Mod374,Leading edge 374,0,0,Leading edge,10,Mod370,0,Mod334,2016/04/23 08:00:00,0.0,2016/04/23 08:00:00,,,
Mod378,Leading edge 378,0,0,Leading edge,10,Mod370,0,Mod334,2016/04/23 08:00:00,0.0,2016/04/23 08:00:00,,,
Mod382,Leading edge 382,0,0,Leading edge,10,Mod370,0,Mod334,2016/04/23 08:00:00,0.0,2016/04/23 08:00:00,,,
Mod385,Leading edge 385,0,0,Leading edge,10,Mod370,0,Mod334,2016/04/23 08:00:00,0.0,2016/04/23 08:00:00,,,
Mod388,Leading edge 388,0,0,Leading edge,10,Mod370,0,Mod334,2016/04/23 08:00:00,0.0,2016/04/23 08:00:00,,,
Mod426,Fuel 426,0,0,Fuel,10,Mod406,0,Mod334,2016/04/23 08:00:00,0.0,2016/04/23 08:00:00,,,
Mod452,Fuel 452,0,0,Fuel 451,0,Mod451,0,Mod406,2016/04/23 08:00:00,0.0,2016/04/23 08:00:00,,,
Mod469,Fuel 469,0,0,Fuel,10,Mod406,0,Mod334,2016/04/23 08:00:00,0.0,2016/04/23 08:00:00,,,
Mod473,Fuel 473,0,0,Fuel,10,Mod406,0,Mod334,2016/04/23 08:00:00,0.0,2016/04/23 08:00:00,,,
Mod522,Wings tests,10,0,Project Aircraft 35,0,Mod334,0,,2016/04/23 08:00:00,0.0,2016/04/23 08:00:00,,,
Mod532,Remove scaffold 532,0,0,Remove scaffold,10,Mod531,0,Mod334,2016/04/23 08:00:00,0.0,2016/04/23 08:00:00,,,
Mod669,Tests elec power,10,0,Project Aircraft 35,0,Mod334,0,,2016/04/23 08:00:00,0.0,2016/04/23 08:00:00,,,
Mod675,hydraulics 675,0,0,hydraulics,10,Mod674,0,Mod334,2016/04/23 08:00:00,0.0,2016/04/23 08:00:00,,,
Mod681,hydraulics 681,0,0,hydraulics,10,Mod674,0,Mod334,2016/04/23 08:00:00,0.0,2016/04/23 08:00:00,,,
Mod693,hydraulics 693,0,0,hydraulics,10,Mod674,0,Mod334,2016/04/23 08:00:00,0.0,2016/04/23 08:00:00,,,
Mod699,hydraulics 699,0,0,hydraulics,10,Mod674,0,Mod334,2016/04/23 08:00:00,0.0,2016/04/23 08:00:00,,,
Mod705,hydraulics 705,0,0,hydraulics,10,Mod674,0,Mod334,2016/04/23 08:00:00,0.0,2016/04/23 08:00:00,,,
Mod709,hydraulics 709,0,0,hydraulics,10,Mod674,0,Mod334,2016/04/23 08:00:00,0.0,2016/04/23 08:00:00,,,
Mod774,Floor cargo 774,0,0,Floor cargo,10,Mod770,0,Mod334,2016/04/23 08:00:00,0.0,2016/04/23 08:00:00,,,
Mod793,Fuselage,10,0,Project Aircraft 35,0,Mod334,0,,2016/04/23 08:00:00,0.0,2016/04/23 08:00:00,,,
Mod824,Prep elec,10,0,Project Aircraft 35,0,Mod334,0,,2016/04/23 08:00:00,0.0,2016/04/23 08:00:00,,,
Mod826,prep tests,10,0,Project Aircraft 35,0,Mod334,0,,2016/04/23 08:00:00,0.0,2016/04/23 08:00:00,,,
Mod834,Instruments,10,0,Project Aircraft 35,0,Mod334,0,,2016/04/23 08:00:00,0.0,2016/04/23 08:00:00,,,
Mod851,Underbelly 851,0,0,Underbelly,10,Mod846,0,Mod334,2016/04/23 08:00:00,0.0,2016/04/23 08:00:00,,,
Mod867,Underbelly 867,0,0,Underbelly,10,Mod846,0,Mod334,2016/04/23 08:00:00,0.0,2016/04/23 08:00:00,,,
Mod880,Underbelly 880,0,0,Underbelly,10,Mod846,0,Mod334,2016/04/23 08:00:00,0.0,2016/04/23 08:00:00,,,
Mod890,Underbelly 890,0,0,Underbelly,10,Mod846,0,Mod334,2016/04/23 08:00:00,0.0,2016/04/23 08:00:00,,,
Mod896,Underbelly 896,0,0,Underbelly,10,Mod846,0,Mod334,2016/04/23 08:00:00,0.0,2016/04/23 08:00:00,,,
Mod901,Underbelly 901,0,0,Underbelly,10,Mod846,0,Mod334,2016/04/23 08:00:00,0.0,2016/04/23 08:00:00,,,
Mod904,Underbelly 904,0,0,Underbelly,10,Mod846,0,Mod334,2016/04/23 08:00:00,0.0,2016/04/23 08:00:00,,,
Mod907,Underbelly 907,0,0,Underbelly,10,Mod846,0,Mod334,2016/04/23 08:00:00,0.0,2016/04/23 08:00:00,,,
Mod949,Wing tips 949,0,0,Wing tips,10,Mod948,0,Mod334,2016/04/23 08:00:00,0.0,2016/04/23 08:00:00,,,
Mod952,Wing tips 952,0,0,Wing tips,10,Mod948,0,Mod334,2016/04/23 08:00:00,0.0,2016/04/23 08:00:00,,,
Mod1715,Backlog,10,0,Project Aircraft 35,0,Mod334,0,,2016/04/23 08:00:00,0.0,2016/04/23 08:00:00,,,
Mod934,Underbelly 934,0,0,Underbelly,10,Mod846,0,Mod334,2016/04/23 08:00:00,0.00208333333333,2016/04/23 08:02:59,,,
Mod1731,Backlog 1731,0,0,Backlog,10,Mod1715,0,Mod334,2016/04/23 08:00:00,0.00625,2016/04/23 08:09:00,,,
Mod829,Protect fire 829,0,0,Protect fire,10,Mod828,0,Mod334,2016/04/23 08:00:00,0.00763888888889,2016/04/23 08:11:00,,,
Mod822,Prep fuel 822,0,0,Prep fuel,10,Mod795,0,Mod334,2016/04/23 08:00:00,0.0104166666667,2016/04/23 08:15:00,,,
Mod404,Black box 404,0,0,Black box,10,Mod402,0,Mod334,2016/04/23 08:00:00,0.0118055555556,2016/04/23 08:17:00,,,
Mod732,hydraulics 732,0,0,hydraulics,10,Mod674,0,Mod334,2016/04/23 08:00:00,0.0125,2016/04/23 08:18:00,,,
Mod916,Underbelly 916,0,0,Underbelly,10,Mod846,0,Mod334,2016/04/23 08:00:00,0.0125,2016/04/23 08:18:00,,,
Mod798,Prep fuel 798,0,0,Prep fuel,10,Mod795,0,Mod334,2016/04/23 08:00:00,0.0138888888889,2016/04/23 08:20:00,,,
Mod694,hydraulics 694,0,0,hydraulics 693,0,Mod693,0,Mod674,2016/04/23 08:00:00,0.0270833333333,2016/04/23 08:38:59,,,
Mod420,Fuel 420,0,0,Fuel 418,0,Mod418,0,Mod406,2016/04/23 08:00:00,0.04375,2016/04/23 09:02:59,,,
Mod373,Leading edge 373,0,0,Leading edge 371,0,Mod371,0,Mod370,2016/04/23 08:00:00,0.0993055555556,2016/04/23 10:23:00,,,
Mod814,Prep fuel 814,0,0,Prep fuel,10,Mod795,0,Mod334,2016/04/23 08:02:59,0.00277777777778,2016/04/23 08:06:59,,,
Mod504,Fuel 504,0,0,Fuel,10,Mod406,0,Mod334,2016/04/23 08:06:59,0.0104166666667,2016/04/23 08:22:00,,,
Mod695,hydraulics 695,0,0,hydraulics 693,0,Mod693,0,Mod674,2016/04/23 08:08:00,0.0270833333333,2016/04/23 08:47:00,,,
Mod1914,Backlog 1914,0,0,Backlog,10,Mod1715,0,Mod334,2016/04/23 08:09:00,0.0152777777778,2016/04/23 08:31:00,,,
Mod2175,Backlog 2175,0,0,Backlog,10,Mod1715,0,Mod334,2016/04/23 08:13:00,0.00625,2016/04/23 08:22:00,,,
Mod498,Fuel 498,0,0,Fuel,10,Mod406,0,Mod334,2016/04/23 08:15:00,0.0590277777778,2016/04/23 09:39:59,,Mod760,
Mod405,Black box 405,0,0,Black box,10,Mod402,0,Mod334,2016/04/23 08:17:00,0.0118055555556,2016/04/23 08:33:59,,,
Mod453,Fuel 453,0,0,Fuel 451,0,Mod451,0,Mod406,2016/04/23 08:18:00,0.0215277777778,2016/04/23 08:49:00,,,
Mod2303,Backlog 2303,0,0,Backlog,10,Mod1715,0,Mod334,2016/04/23 08:18:00,0.0645833333333,2016/04/23 09:50:59,,,
Mod396,Leading edge 396,0,0,Leading edge,10,Mod370,0,Mod334,2016/04/23 08:18:00,0.529861111111,2016/04/23 21:00:59,,,
Mod655,Tests doors 655,0,0,Tests doors,10,Mod653,0,Mod334,2016/04/23 08:20:59,0.0256944444444,2016/04/23 08:58:00,,,
Mod2206,Backlog 2206,0,0,Backlog,10,Mod1715,0,Mod334,2016/04/23 08:20:59,0.09375,2016/04/23 10:35:59,,,
Mod804,Prep fuel 804,0,0,Prep fuel,10,Mod795,0,Mod334,2016/04/23 08:22:00,0.0138888888889,2016/04/23 08:42:00,,,
Mod590,Elec cargo 590,0,0,Elec cargo,10,Mod576,0,Mod334,2016/04/23 08:31:00,0.0263888888889,2016/04/23 09:09:00,,,
Mod518,Fuel 518,0,0,Fuel,10,Mod406,0,Mod334,2016/04/23 08:33:59,0.0118055555556,2016/04/23 08:51:00,,,
Mod802,Prep fuel 802,0,0,Prep fuel,10,Mod795,0,Mod334,2016/04/23 08:35:00,0.0243055555556,2016/04/23 09:09:59,,,
Mod806,Prep fuel 806,0,0,Prep fuel,10,Mod795,0,Mod334,2016/04/23 08:38:59,0.0166666666667,2016/04/23 09:02:59,,,
Mod679,hydraulics 679,0,0,hydraulics 678,0,Mod678,0,Mod674,2016/04/23 08:42:00,0.0506944444444,2016/04/23 09:54:59,,,
Mod701,hydraulics 701,0,0,hydraulics 699,0,Mod699,0,Mod674,2016/04/23 08:49:00,0.0263888888889,2016/04/23 09:27:00,,,
Mod525,Wings tests 525,0,0,Wings tests 523,0,Mod523,0,Mod522,2016/04/23 08:58:00,0.151388888889,2016/04/23 12:36:00,,Mod696,
Mod764,Cargo hold 764,0,0,Cargo hold,10,Mod763,0,Mod334,2016/04/23 09:00:00,0.0569444444444,2016/04/23 10:21:59,,,
Mod825,Prep elec 825,0,0,Prep elec,10,Mod824,0,Mod334,2016/04/23 09:00:59,0.0125,2016/04/23 09:18:59,,Mod760,
Mod830,Protect fire 830,0,0,Protect fire,10,Mod828,0,Mod334,2016/04/23 09:02:59,0.0180555555556,2016/04/23 09:29:00,,,
Mod423,Fuel 423,0,0,Fuel 418,0,Mod418,0,Mod406,2016/04/23 09:02:59,0.0368055555556,2016/04/23 09:56:00,,,
Mod549,Remove elec 549,0,0,Remove elec,10,Mod548,0,Mod334,2016/04/23 09:18:59,0.0125,2016/04/23 09:36:59,,,
Mod372,Leading edge 372,0,0,Leading edge 371,0,Mod371,0,Mod370,2016/04/23 09:18:59,0.116666666667,2016/04/23 12:07:00,,,
Mod700,hydraulics 700,0,0,hydraulics 699,0,Mod699,0,Mod674,2016/04/23 09:29:00,0.0263888888889,2016/04/23 10:06:59,,,
Mod539,Remove mount 539,0,0,Remove mount,10,Mod538,0,Mod334,2016/04/23 09:34:59,0.0527777777778,2016/04/23 10:51:00,,,
Mod390,Leading edge 390,0,0,Leading edge 388,0,Mod388,0,Mod370,2016/04/23 09:36:59,0.0152777777778,2016/04/23 09:59:00,,,
Mod553,Misc. 553,0,0,Misc.,10,Mod550,0,Mod334,2016/04/23 09:36:59,0.0256944444444,2016/04/23 10:14:00,,Mod760,
Mod800,Prep fuel 800,0,0,Prep fuel,10,Mod795,0,Mod334,2016/04/23 09:39:59,0.0166666666667,2016/04/23 10:03:59,,,
Mod591,Elec cargo 591,0,0,Elec cargo,10,Mod576,0,Mod334,2016/04/23 09:50:59,0.0868055555556,2016/04/23 11:56:00,,,
Mod728,hydraulics 728,0,0,hydraulics,10,Mod674,0,Mod334,2016/04/23 09:54:59,0.0520833333333,2016/04/23 11:09:59,,Mod679,
Mod654,Tests doors 654,0,0,Tests doors,10,Mod653,0,Mod334,2016/04/23 09:56:00,0.0590277777778,2016/04/23 11:20:59,,,
Mod387,Leading edge 387,0,0,Leading edge 385,0,Mod385,0,Mod370,2016/04/23 09:59:00,0.0152777777778,2016/04/23 10:21:00,,,
Mod820,Prep fuel 820,0,0,Prep fuel,10,Mod795,0,Mod334,2016/04/23 09:59:59,0.0104166666667,2016/04/23 10:15:00,,,
Mod704,hydraulics 704,0,0,hydraulics 702,0,Mod702,0,Mod674,2016/04/23 10:03:59,0.0361111111111,2016/04/23 10:55:59,,,
Mod505,Fuel 505,0,0,Fuel,10,Mod406,0,Mod334,2016/04/23 10:03:59,0.0805555555556,2016/04/23 12:00:00,,,
Mod818,Prep fuel 818,0,0,Prep fuel,10,Mod795,0,Mod334,2016/04/23 10:06:59,0.0701388888889,2016/04/23 11:47:59,,,
Mod703,hydraulics 703,0,0,hydraulics 702,0,Mod702,0,Mod674,2016/04/23 10:14:00,0.0361111111111,2016/04/23 11:06:00,,,
Mod2082,Backlog 2082,0,0,Backlog,10,Mod1715,0,Mod334,2016/04/23 10:15:00,0.0215277777778,2016/04/23 10:46:00,,,
Mod394,Leading edge 394,0,0,Leading edge,10,Mod370,0,Mod334,2016/04/23 10:21:00,0.0180555555556,2016/04/23 10:46:59,,,
Mod1822,Backlog 1822,0,0,Backlog,10,Mod1715,0,Mod334,2016/04/23 10:42:59,0.0388888888889,2016/04/23 11:38:59,,,
Mod750,hydraulics 750,0,0,hydraulics,10,Mod674,0,Mod334,2016/04/23 10:46:59,0.0208333333333,2016/04/23 11:17:00,,,
Mod745,hydraulics 745,0,0,hydraulics,10,Mod674,0,Mod334,2016/04/23 10:51:00,0.0256944444444,2016/04/23 11:27:59,,,
Mod810,Prep fuel 810,0,0,Prep fuel,10,Mod795,0,Mod334,2016/04/23 10:53:00,0.0861111111111,2016/04/23 12:57:00,,,
Mod2266,Backlog 2266,0,0,Backlog,10,Mod1715,0,Mod334,2016/04/23 10:55:59,0.00625,2016/04/23 11:04:59,,,
Mod1716,Backlog 1716,0,0,Backlog,10,Mod1715,0,Mod334,2016/04/23 11:04:59,0.00625,2016/04/23 11:13:59,,,
Mod796,Prep fuel 796,0,0,Prep fuel,10,Mod795,0,Mod334,2016/04/23 11:09:59,0.0243055555556,2016/04/23 11:45:00,,,
Mod529,Remove wings protec 529,0,0,Remove wings protec,10,Mod528,0,Mod334,2016/04/23 11:15:59,0.132638888889,2016/04/23 14:27:00,,,
Mod1748,Backlog 1748,0,0,Backlog,10,Mod1715,0,Mod334,2016/04/23 11:17:00,0.0305555555556,2016/04/23 12:00:59,,,
Mod692,hydraulics 692,0,0,hydraulics 690,0,Mod690,0,Mod674,2016/04/23 11:18:59,0.0263888888889,2016/04/23 11:56:59,,,
Mod827,prep tests 827,0,0,prep tests,10,Mod826,0,Mod334,2016/04/23 11:20:59,0.418055555556,2016/04/23 21:23:00,,Mod760,
Mod2073,Backlog 2073,0,0,Backlog,10,Mod1715,0,Mod334,2016/04/23 11:27:59,0.145833333333,2016/04/23 14:58:00,,,
Mod2145,Backlog 2145,0,0,Backlog,10,Mod1715,0,Mod334,2016/04/23 11:42:00,0.148611111111,2016/04/23 15:16:00,,,
Mod730,hydraulics 730,0,0,hydraulics,10,Mod674,0,Mod334,2016/04/23 11:45:00,0.0590277777778,2016/04/23 13:10:00,,,
Mod863,Underbelly 863,0,0,Underbelly 862,0,Mod862,0,Mod846,2016/04/23 11:47:59,0.0236111111111,2016/04/23 12:21:59,,,
Mod858,Underbelly 858,0,0,Underbelly 856,0,Mod856,0,Mod846,2016/04/23 11:56:59,0.0291666666667,2016/04/23 12:39:00,,Mod857,
Mod595,Elec cargo 595,0,0,Elec cargo,10,Mod576,0,Mod334,2016/04/23 12:00:59,0.00902777777778,2016/04/23 12:14:00,,Mod825,
Mod503,Fuel 503,0,0,Fuel,10,Mod406,0,Mod334,2016/04/23 12:07:00,0.0,2016/04/23 12:07:00,,Mod818,
Mod552,Misc. 552,0,0,Misc.,10,Mod550,0,Mod334,2016/04/23 12:07:59,0.104166666667,2016/04/23 14:38:00,,Mod760,
Mod359,Ventilation/AC 359,0,0,Ventilation/AC,10,Mod335,0,Mod334,2016/04/23 12:07:59,0.130555555556,2016/04/23 15:16:00,,,
Mod1998,Backlog 1998,0,0,Backlog,10,Mod1715,0,Mod334,2016/04/23 12:14:00,0.025,2016/04/23 12:50:00,,,
Mod691,hydraulics 691,0,0,hydraulics 690,0,Mod690,0,Mod674,2016/04/23 12:34:59,0.0263888888889,2016/04/23 13:12:59,,,
Mod490,Fuel 490,0,0,Fuel,10,Mod406,0,Mod334,2016/04/23 12:39:00,0.304861111111,2016/04/23 19:57:59,,,
Mod592,Elec cargo 592,0,0,Elec cargo,10,Mod576,0,Mod334,2016/04/23 12:50:00,0.0125,2016/04/23 13:08:00,,Mod825,
Mod749,hydraulics 749,0,0,hydraulics,10,Mod674,0,Mod334,2016/04/23 12:57:00,0.01875,2016/04/23 13:24:00,,"Mod713, Mod716",
Mod580,Elec cargo 580,0,0,Elec cargo,10,Mod576,0,Mod334,2016/04/23 13:08:00,0.0256944444444,2016/04/23 13:44:59,,,
Mod853,Underbelly 853,0,0,Underbelly 851,0,Mod851,0,Mod846,2016/04/23 13:10:00,0.4,2016/04/23 22:46:00,,Mod916,
Mod747,hydraulics 747,0,0,hydraulics,10,Mod674,0,Mod334,2016/04/23 13:12:59,0.0534722222222,2016/04/23 14:29:59,,Mod700,
Mod942,Underbelly 942,0,0,Underbelly,10,Mod846,0,Mod334,2016/04/23 13:24:00,0.0208333333333,2016/04/23 13:53:59,,Mod893,
Mod2160,Backlog 2160,0,0,Backlog,10,Mod1715,0,Mod334,2016/04/23 13:44:59,0.0416666666667,2016/04/23 14:45:00,,,
Mod733,hydraulics 733,0,0,hydraulics,10,Mod674,0,Mod334,2016/04/23 13:53:59,0.0388888888889,2016/04/23 14:49:59,,,
Mod657,Tests pressure 657,0,0,Tests pressure,10,Mod656,0,Mod334,2016/04/23 14:27:00,0.122916666667,2016/04/23 17:24:00,,,
Mod808,Prep fuel 808,0,0,Prep fuel,10,Mod795,0,Mod334,2016/04/23 14:29:59,0.0631944444444,2016/04/23 16:01:00,,,
Mod746,hydraulics 746,0,0,hydraulics,10,Mod674,0,Mod334,2016/04/23 14:38:00,0.107638888889,2016/04/23 17:13:00,,Mod701,
Mod585,Elec cargo 585,0,0,Elec cargo,10,Mod576,0,Mod334,2016/04/23 14:45:00,0.0520833333333,2016/04/23 15:59:59,,,
Mod812,Prep fuel 812,0,0,Prep fuel,10,Mod795,0,Mod334,2016/04/23 14:58:00,0.0368055555556,2016/04/23 15:50:59,,,
Mod714,hydraulics 714,0,0,hydraulics 713,0,Mod713,0,Mod674,2016/04/23 15:16:00,0.0527777777778,2016/04/23 16:32:00,,,
Mod854,Underbelly 854,0,0,Underbelly 851,0,Mod851,0,Mod846,2016/04/23 15:16:00,0.4,2016/04/24 00:52:00,,Mod916,
Mod583,Elec cargo 583,0,0,Elec cargo,10,Mod576,0,Mod334,2016/04/23 15:59:59,0.0520833333333,2016/04/23 17:15:00,,,
Mod416,Fuel 416,0,0,Fuel 415,0,Mod415,0,Mod406,2016/04/23 16:01:00,0.00972222222222,2016/04/23 16:15:00,,,
Mod467,Fuel 467,0,0,Fuel 466,0,Mod466,0,Mod406,2016/04/23 16:15:00,0.0861111111111,2016/04/23 18:18:59,,,
Mod715,hydraulics 715,0,0,hydraulics 713,0,Mod713,0,Mod674,2016/04/23 16:32:00,0.0277777777778,2016/04/23 17:11:59,,Mod714,
Mod723,hydraulics 723,0,0,hydraulics,10,Mod674,0,Mod334,2016/04/23 17:13:00,0.0388888888889,2016/04/23 18:09:00,,Mod719,
Mod584,Elec cargo 584,0,0,Elec cargo,10,Mod576,0,Mod334,2016/04/23 17:15:00,0.0520833333333,2016/04/23 18:30:00,,,
Mod708,hydraulics 708,0,0,hydraulics 705,0,Mod705,0,Mod674,2016/04/23 17:24:00,0.00555555555556,2016/04/23 17:31:59,,Mod714,
Mod544,Remove mount 544,0,0,Remove mount,10,Mod538,0,Mod334,2016/04/23 17:24:00,0.025,2016/04/23 18:00:00,,Mod539,
Mod497,Fuel 497,0,0,Fuel,10,Mod406,0,Mod334,2016/04/23 17:49:59,0.0236111111111,2016/04/23 18:23:59,,,
Mod534,Remove scaffold 534,0,0,Remove scaffold,10,Mod531,0,Mod334,2016/04/23 18:09:00,0.0152777777778,2016/04/23 18:30:59,,,
Mod536,Remove scaffold 536,0,0,Remove scaffold,10,Mod531,0,Mod334,2016/04/23 18:09:00,0.0388888888889,2016/04/23 19:05:00,,,
Mod941,Underbelly 941,0,0,Underbelly,10,Mod846,0,Mod334,2016/04/23 18:23:59,0.0125,2016/04/23 18:41:59,,Mod873,
Mod611,Elec cargo 611,0,0,Elec cargo,10,Mod576,0,Mod334,2016/04/23 18:30:00,0.0569444444444,2016/04/23 19:51:59,,"Mod577, Mod359",
Mod765,Cargo hold 765,0,0,Cargo hold,10,Mod763,0,Mod334,2016/04/23 18:30:59,0.0194444444444,2016/04/23 18:59:00,,,
Mod950,Wing tips 950,0,0,Wing tips 949,0,Mod949,0,Mod948,2016/04/23 18:30:59,0.120833333333,2016/04/23 21:25:00,,,
Mod748,hydraulics 748,0,0,hydraulics,10,Mod674,0,Mod334,2016/04/23 18:59:00,0.0229166666667,2016/04/23 19:32:00,,Mod745,
Mod543,Remove mount 543,0,0,Remove mount,10,Mod538,0,Mod334,2016/04/23 18:59:00,0.0319444444444,2016/04/23 19:44:59,,,
Mod766,Cargo hold 766,0,0,Cargo hold,10,Mod763,0,Mod334,2016/04/23 19:12:59,0.0104166666667,2016/04/23 19:28:00,,,
Mod456,Fuel 456,0,0,Fuel 454,0,Mod454,0,Mod406,2016/04/23 19:28:00,0.0444444444444,2016/04/23 20:31:59,,,
Mod501,Fuel 501,0,0,Fuel,10,Mod406,0,Mod334,2016/04/23 19:44:59,0.0277777777778,2016/04/23 20:24:59,,Mod814,
Mod610,Elec cargo 610,0,0,Elec cargo,10,Mod576,0,Mod334,2016/04/23 19:51:59,0.0284722222222,2016/04/23 20:33:00,,Mod611,
Mod937,Underbelly 937,0,0,Underbelly,10,Mod846,0,Mod334,2016/04/23 20:04:00,0.152083333333,2016/04/23 23:42:59,,Mod942,
Mod421,Fuel 421,0,0,Fuel 418,0,Mod418,0,Mod406,2016/04/23 20:29:59,0.0180555555556,2016/04/23 20:56:00,,,
Mod731,hydraulics 731,0,0,hydraulics,10,Mod674,0,Mod334,2016/04/23 20:31:00,0.0756944444444,2016/04/23 22:19:59,,Mod525,
Mod756,Junction elec 756,0,0,Junction elec,10,Mod755,0,Mod334,2016/04/23 20:33:00,0.0611111111111,2016/04/23 22:01:00,,,
Mod459,Fuel 459,0,0,Fuel 458,0,Mod458,0,Mod406,2016/04/23 20:38:59,0.0284722222222,2016/04/23 21:20:00,,,
Mod545,Remove mount 545,0,0,Remove mount,10,Mod538,0,Mod334,2016/04/23 20:54:00,0.0465277777778,2016/04/23 22:01:00,,Mod543,
Mod419,Fuel 419,0,0,Fuel 418,0,Mod418,0,Mod406,2016/04/23 20:56:00,0.0222222222222,2016/04/23 21:27:59,,,
Mod461,Fuel 461,0,0,Fuel 458,0,Mod458,0,Mod406,2016/04/23 21:05:59,0.0284722222222,2016/04/23 21:47:00,,,
Mod953,Wing tips 953,0,0,Wing tips 952,0,Mod952,0,Mod948,2016/04/23 21:20:00,0.120833333333,2016/04/24 00:14:00,,,
Mod422,Fuel 422,0,0,Fuel 418,0,Mod418,0,Mod406,2016/04/23 21:27:59,0.0847222222222,2016/04/23 23:29:59,,,
Mod377,Leading edge 377,0,0,Leading edge 374,0,Mod374,0,Mod370,2016/04/23 21:47:59,0.00763888888889,2016/04/23 21:59:00,,Mod396,
Mod417,Fuel 417,0,0,Fuel 415,0,Mod415,0,Mod406,2016/04/23 21:54:00,0.00972222222222,2016/04/23 22:08:00,,,
Mod680,hydraulics 680,0,0,hydraulics 678,0,Mod678,0,Mod674,2016/04/23 21:54:00,0.0479166666667,2016/04/23 23:02:59,,,
Mod1967,Backlog 1967,0,0,Backlog,10,Mod1715,0,Mod334,2016/04/23 21:59:00,0.0263888888889,2016/04/23 22:37:00,,,
Mod386,Leading edge 386,0,0,Leading edge 385,0,Mod385,0,Mod370,2016/04/23 22:08:00,0.03125,2016/04/23 22:53:00,,"Mod387, Mod756",
Mod546,Remove mount 546,0,0,Remove mount,10,Mod538,0,Mod334,2016/04/23 22:19:59,0.0465277777778,2016/04/23 23:27:00,,Mod544,
Mod757,Junction elec 757,0,0,Junction elec,10,Mod755,0,Mod334,2016/04/23 22:21:59,0.0555555555556,2016/04/23 23:42:00,,,
Mod361,Ventilation/AC 361,0,0,Ventilation/AC,10,Mod335,0,Mod334,2016/04/23 22:46:00,0.0256944444444,2016/04/23 23:22:59,,"Mod853, Mod368",
Mod861,Underbelly 861,0,0,Underbelly 859,0,Mod859,0,Mod846,2016/04/23 22:53:00,0.15625,2016/04/24 02:38:00,,,
Mod946,Underbelly 946,0,0,Underbelly,10,Mod846,0,Mod334,2016/04/23 23:27:00,0.0777777777778,2016/04/24 01:19:00,,Mod877,
Mod833,Tests Radio 833,0,0,Module 831,10,Mod831,0,Mod334,2016/04/23 23:29:00,0.0604166666667,2016/04/24 00:56:00,,,
Mod424,Fuel 424,0,0,Fuel 418,0,Mod418,0,Mod406,2016/04/23 23:29:59,0.114583333333,2016/04/24 02:15:00,,,
Mod540,Remove mount 540,0,0,Remove mount,10,Mod538,0,Mod334,2016/04/23 23:31:00,0.0395833333333,2016/04/24 00:27:59,,,
Mod671,Tests elec power 671,0,0,Tests elec power,10,Mod669,0,Mod334,2016/04/23 23:42:00,0.111111111111,2016/04/24 02:22:00,,"Mod757, Mod827, Mod756",
Mod389,Leading edge 389,0,0,Leading edge 388,0,Mod388,0,Mod370,2016/04/24 00:00:00,0.03125,2016/04/24 00:45:00,,"Mod757, Mod390",
Mod954,Wing tips 954,0,0,Wing tips 952,0,Mod952,0,Mod948,2016/04/24 00:14:00,0.0152777777778,2016/04/24 00:36:00,,"Mod957, Mod953, Mod950",
Mod1948,Backlog 1948,0,0,Backlog,10,Mod1715,0,Mod334,2016/04/24 00:27:59,0.0361111111111,2016/04/24 01:19:59,,,
Mod493,Fuel 493,0,0,Fuel,10,Mod406,0,Mod334,2016/04/24 00:27:59,0.0701388888889,2016/04/24 02:09:00,,Mod501,
Mod951,Wing tips 951,0,0,Wing tips 949,0,Mod949,0,Mod948,2016/04/24 00:36:00,0.0152777777778,2016/04/24 00:57:59,,"Mod957, Mod953, Mod950",
Mod360,Ventilation/AC 360,0,0,Ventilation/AC,10,Mod335,0,Mod334,2016/04/24 00:52:00,0.00763888888889,2016/04/24 01:03:00,,"Mod855, Mod854, Mod916",
Mod365,Ventilation/AC 365,0,0,Ventilation/AC,10,Mod335,0,Mod334,2016/04/24 00:52:00,0.0284722222222,2016/04/24 01:32:59,,"Mod855, Mod854, Mod916",
Mod363,Ventilation/AC 363,0,0,Ventilation/AC,10,Mod335,0,Mod334,2016/04/24 01:03:00,0.0229166666667,2016/04/24 01:35:59,,"Mod855, Mod854, Mod916",
Mod915,Underbelly 915,0,0,Underbelly,10,Mod846,0,Mod334,2016/04/24 01:03:00,0.0256944444444,2016/04/24 01:39:59,,"Mod855, Mod854, Mod916",
Mod2078,Backlog 2078,0,0,Backlog,10,Mod1715,0,Mod334,2016/04/24 01:19:00,0.0715277777778,2016/04/24 03:02:00,,,
Mod541,Remove mount 541,0,0,Remove mount,10,Mod538,0,Mod334,2016/04/24 01:19:00,0.115972222222,2016/04/24 04:06:00,,,
Mod923,Underbelly 923,0,0,Underbelly,10,Mod846,0,Mod334,2016/04/24 01:19:59,0.140972222222,2016/04/24 04:42:59,,"Mod362, Mod853, Mod368, Mod361",
Mod1787,Backlog 1787,0,0,Backlog,10,Mod1715,0,Mod334,2016/04/24 01:32:59,0.00625,2016/04/24 01:42:00,,,
Mod353,Ventilation/AC 353,0,0,Ventilation/AC,10,Mod335,0,Mod334,2016/04/24 01:32:59,0.0493055555556,2016/04/24 02:44:00,,"Mod855, Mod854, Mod916",
Mod1858,Backlog 1858,0,0,Backlog,10,Mod1715,0,Mod334,2016/04/24 01:42:00,0.0138888888889,2016/04/24 02:02:00,,,
Mod542,Remove mount 542,0,0,Remove mount,10,Mod538,0,Mod334,2016/04/24 01:57:00,0.00625,2016/04/24 02:06:00,,Mod543,
Mod956,Wing tips 956,0,0,Wing tips,10,Mod948,0,Mod334,2016/04/24 02:06:00,0.111805555556,2016/04/24 04:46:59,,"Mod954, Mod951",
Mod393,Leading edge 393,0,0,Leading edge,10,Mod370,0,Mod334,2016/04/24 02:15:00,0.0444444444444,2016/04/24 03:18:59,,"Mod757, Mod394, Mod756",
Mod865,Underbelly 865,0,0,Underbelly 862,0,Mod862,0,Mod846,2016/04/24 02:17:59,0.0236111111111,2016/04/24 02:51:59,,,
Mod666,Tests fire 666,0,0,Tests fire,10,Mod665,0,Mod334,2016/04/24 02:22:00,0.0145833333333,2016/04/24 02:42:59,,Mod671,
Mod337,Ventilation/AC 337,0,0,Ventilation/AC 336,0,Mod336,0,Mod335,2016/04/24 02:42:59,0.0180555555556,2016/04/24 03:09:00,,Mod671,
Mod677,hydraulics 677,0,0,hydraulics 675,0,Mod675,0,Mod674,2016/04/24 02:47:00,0.111805555556,2016/04/24 05:27:59,,Mod396,
Mod2107,Backlog 2107,0,0,Backlog,10,Mod1715,0,Mod334,2016/04/24 03:02:00,0.0715277777778,2016/04/24 04:44:59,,,
Mod842,Test landing gear 842,0,0,Instruments,10,Mod834,0,Mod334,2016/04/24 03:09:00,0.0291666666667,2016/04/24 03:50:59,,Mod671,
Mod633,Tests oxygen 633,0,0,Tests oxygen,10,Mod632,0,Mod334,2016/04/24 03:18:59,0.00694444444444,2016/04/24 03:29:00,,Mod671,
Mod664,Tests defrost 664,0,0,Tests defrost,10,Mod659,0,Mod334,2016/04/24 03:29:00,0.0111111111111,2016/04/24 03:45:00,,Mod671,
Mod667,Tests fire 667,0,0,Tests fire,10,Mod665,0,Mod334,2016/04/24 03:39:59,0.10625,2016/04/24 06:12:59,,Mod671,
Mod623,Tests intruments 623,0,0,Tests intruments,10,Mod622,0,Mod334,2016/04/24 03:45:00,0.0145833333333,2016/04/24 04:06:00,,Mod671,
Mod663,Tests defrost 663,0,0,Tests defrost,10,Mod659,0,Mod334,2016/04/24 03:50:59,0.0145833333333,2016/04/24 04:12:00,,Mod671,
Mod347,Ventilation/AC 347,0,0,Ventilation/AC 343,0,Mod343,0,Mod335,2016/04/24 04:06:00,0.0111111111111,2016/04/24 04:21:59,,Mod671,
Mod468,Fuel 468,0,0,Fuel 466,0,Mod466,0,Mod406,2016/04/24 04:06:00,0.0861111111111,2016/04/24 06:09:59,,,
Mod662,Tests defrost 662,0,0,Tests defrost,10,Mod659,0,Mod334,2016/04/24 04:12:00,0.0361111111111,2016/04/24 05:04:00,,Mod671,
Mod339,Ventilation/AC 339,0,0,Ventilation/AC 336,0,Mod336,0,Mod335,2016/04/24 04:21:59,0.0333333333333,2016/04/24 05:09:59,,Mod671,
Mod565,Water/Plumb. 565,0,0,Water/Plumb.,10,Mod558,0,Mod334,2016/04/24 04:42:59,0.0152777777778,2016/04/24 05:04:59,,"Mod352, Mod923",
Mod564,Water/Plumb. 564,0,0,Water/Plumb.,10,Mod558,0,Mod334,2016/04/24 04:42:59,0.0256944444444,2016/04/24 05:20:00,,"Mod352, Mod923",
Mod570,Water/Plumb. 570,0,0,Water/Plumb.,10,Mod558,0,Mod334,2016/04/24 04:44:59,0.0118055555556,2016/04/24 05:02:00,,"Mod352, Mod923",
Mod921,Underbelly 921,0,0,Underbelly,10,Mod846,0,Mod334,2016/04/24 04:46:59,0.0465277777778,2016/04/24 05:54:00,,Mod363,
Mod574,Water/Plumb. 574,0,0,Water/Plumb.,10,Mod558,0,Mod334,2016/04/24 05:02:00,0.0270833333333,2016/04/24 05:40:59,,"Mod352, Mod923",
Mod557,Test elec 557,0,0,Test elec,10,Mod554,0,Mod334,2016/04/24 05:04:00,0.0256944444444,2016/04/24 05:40:59,,Mod671,
Mod843,Test landing gear 843,0,0,Instruments,10,Mod834,0,Mod334,2016/04/24 05:09:59,0.0444444444444,2016/04/24 06:14:00,,Mod671,
Mod575,Water/Plumb. 575,0,0,Water/Plumb.,10,Mod558,0,Mod334,2016/04/24 05:40:59,0.0152777777778,2016/04/24 06:03:00,,"Mod352, Mod923",
Mod342,Ventilation/AC 342,0,0,Ventilation/AC 336,0,Mod336,0,Mod335,2016/04/24 05:40:59,0.0256944444444,2016/04/24 06:18:00,,Mod671,
Mod410,Fuel 410,0,0,Fuel 407,0,Mod407,0,Mod406,2016/04/24 05:54:00,0.00902777777778,2016/04/24 06:07:00,,,
Mod562,Water/Plumb. 562,0,0,Water/Plumb.,10,Mod558,0,Mod334,2016/04/24 05:54:00,0.0208333333333,2016/04/24 06:23:59,,Mod921,
Mod486,Fuel 486,0,0,Fuel,10,Mod406,0,Mod334,2016/04/24 06:03:00,0.0131944444444,2016/04/24 06:21:59,,Mod493,
Mod2246,Backlog 2246,0,0,Backlog,10,Mod1715,0,Mod334,2016/04/24 06:03:00,0.0715277777778,2016/04/24 07:46:00,,,
Mod411,Fuel 411,0,0,Fuel 407,0,Mod407,0,Mod406,2016/04/24 06:12:59,0.00902777777778,2016/04/24 06:25:59,,,
Mod912,Underbelly 912,0,0,Underbelly,10,Mod846,0,Mod334,2016/04/24 06:21:59,6.94444444444E-4,2016/04/24 06:23:00,,"Mod941, Mod939",
Mod742,hydraulics 742,0,0,hydraulics,10,Mod674,0,Mod334,2016/04/24 07:30:00,0.00694444444444,2016/04/24 07:39:59,,"Mod723, Mod751",
Mod496,Fuel 496,0,0,Fuel,10,Mod406,0,Mod334,2016/04/24 07:30:00,0.0180555555556,2016/04/24 07:55:59,,Mod671,
Mod568,Water/Plumb. 568,0,0,Water/Plumb.,10,Mod558,0,Mod334,2016/04/24 07:30:00,0.0208333333333,2016/04/24 08:00:00,,"Mod352, Mod923",
Mod340,Ventilation/AC 340,0,0,Ventilation/AC 336,0,Mod336,0,Mod335,2016/04/24 07:30:00,0.0555555555556,2016/04/24 08:49:59,,Mod671,
Mod722,hydraulics 722,0,0,hydraulics,10,Mod674,0,Mod334,2016/04/24 07:30:00,0.1125,2016/04/24 10:12:00,,"Mod701, Mod700",
Mod395,Leading edge 395,0,0,Leading edge,10,Mod370,0,Mod334,2016/04/24 07:30:00,0.529861111111,2016/04/24 20:13:00,,,
Mod943,Underbelly 943,0,0,Underbelly,10,Mod846,0,Mod334,2016/04/24 07:39:59,0.0409722222222,2016/04/24 08:38:59,,,
Mod569,Water/Plumb. 569,0,0,Water/Plumb.,10,Mod558,0,Mod334,2016/04/24 07:46:00,0.0645833333333,2016/04/24 09:18:59,,"Mod352, Mod923",
Mod566,Water/Plumb. 566,0,0,Water/Plumb.,10,Mod558,0,Mod334,2016/04/24 07:51:59,0.0229166666667,2016/04/24 08:24:59,,"Mod352, Mod923",
Mod673,Tests heating cockpit 673,0,0,Tests heating cockpit,10,Mod672,0,Mod334,2016/04/24 07:55:59,0.0222222222222,2016/04/24 08:27:59,,Mod671,
Mod744,hydraulics 744,0,0,hydraulics,10,Mod674,0,Mod334,2016/04/24 08:15:00,0.0444444444444,2016/04/24 09:18:59,,,
Mod567,Water/Plumb. 567,0,0,Water/Plumb.,10,Mod558,0,Mod334,2016/04/24 08:17:00,0.0361111111111,2016/04/24 09:09:00,,"Mod352, Mod923",
Mod621,Test lights 621,0,0,Test lights,10,Mod619,0,Mod334,2016/04/24 08:27:59,0.0222222222222,2016/04/24 09:00:00,,Mod671,
Mod922,Underbelly 922,0,0,Underbelly,10,Mod846,0,Mod334,2016/04/24 08:38:59,0.0194444444444,2016/04/24 09:07:00,,"Mod943, Mod858",
Mod620,Test lights 620,0,0,Test lights,10,Mod619,0,Mod334,2016/04/24 09:00:00,0.0256944444444,2016/04/24 09:36:59,,Mod671,
Mod354,Ventilation/AC 354,0,0,Ventilation/AC,10,Mod335,0,Mod334,2016/04/24 09:09:00,0.0388888888889,2016/04/24 10:05:00,,Mod921,
Mod408,Fuel 408,0,0,Fuel 407,0,Mod407,0,Mod406,2016/04/24 09:11:00,0.0159722222222,2016/04/24 09:34:00,,,
Mod573,Water/Plumb. 573,0,0,Water/Plumb.,10,Mod558,0,Mod334,2016/04/24 09:18:59,0.0368055555556,2016/04/24 10:12:00,,"Mod571, Mod559, Mod352, Mod923, Mod569",
Mod409,Fuel 409,0,0,Fuel 407,0,Mod407,0,Mod406,2016/04/24 09:30:00,0.0159722222222,2016/04/24 09:52:59,,,
Mod491,Fuel 491,0,0,Fuel,10,Mod406,0,Mod334,2016/04/24 09:30:00,0.345833333333,2016/04/24 17:47:59,,"Mod420, Mod425, Mod415, Mod431, Mod421, Mod436, Mod424, Mod498, Mod496, Mod504, Mod422, Mod497, Mod419",
Mod660,Tests defrost 660,0,0,Tests defrost,10,Mod659,0,Mod334,2016/04/24 09:36:59,0.0333333333333,2016/04/24 10:24:59,,Mod671,
Mod465,Fuel 465,0,0,Fuel 463,0,Mod463,0,Mod406,2016/04/24 09:45:59,0.0583333333333,2016/04/24 11:09:59,,,
Mod772,Floor cargo 772,0,0,Floor cargo 771,0,Mod771,0,Mod770,2016/04/24 09:48:59,0.0236111111111,2016/04/24 10:23:00,,,
Mod527,Wings tests 527,0,0,Wings tests,10,Mod522,0,Mod334,2016/04/24 10:12:00,0.0625,2016/04/24 11:42:00,,"Mod671, Mod921",
Mod947,Underbelly 947,0,0,Underbelly,10,Mod846,0,Mod334,2016/04/24 10:12:00,0.0777777777778,2016/04/24 12:03:59,,"Mod941, Mod939",
Mod563,Water/Plumb. 563,0,0,Water/Plumb.,10,Mod558,0,Mod334,2016/04/24 10:19:00,0.0229166666667,2016/04/24 10:51:59,,Mod921,
Mod464,Fuel 464,0,0,Fuel 463,0,Mod463,0,Mod406,2016/04/24 10:23:00,0.0583333333333,2016/04/24 11:47:00,,,
Mod832,Tests Radio 832,0,0,Module 831,10,Mod831,0,Mod334,2016/04/24 10:24:59,0.0402777777778,2016/04/24 11:22:59,,"Mod671, Mod833",
Mod697,hydraulics 697,0,0,hydraulics 696,0,Mod696,0,Mod674,2016/04/24 10:59:00,0.0208333333333,2016/04/24 11:29:00,,Mod677,
Mod661,Tests defrost 661,0,0,Tests defrost,10,Mod659,0,Mod334,2016/04/24 11:22:59,0.0555555555556,2016/04/24 12:43:00,,Mod671,
Mod442,Fuel 442,0,0,Fuel 441,0,Mod441,0,Mod406,2016/04/24 11:29:00,0.0256944444444,2016/04/24 12:05:59,,,
Mod344,Ventilation/AC 344,0,0,Ventilation/AC 343,0,Mod343,0,Mod335,2016/04/24 11:42:00,0.0736111111111,2016/04/24 13:28:00,,Mod671,
Mod581,Elec cargo 581,0,0,Elec cargo,10,Mod576,0,Mod334,2016/04/24 12:03:59,0.0777777777778,2016/04/24 13:55:59,,,
Mod869,Underbelly 869,0,0,Underbelly 867,0,Mod867,0,Mod846,2016/04/24 12:05:59,0.04375,2016/04/24 13:08:59,,Mod865,
Mod729,hydraulics 729,0,0,hydraulics,10,Mod674,0,Mod334,2016/04/24 12:32:00,0.0590277777778,2016/04/24 13:57:00,,,
Mod743,hydraulics 743,0,0,hydraulics,10,Mod674,0,Mod334,2016/04/24 12:41:00,0.0444444444444,2016/04/24 13:44:59,,,
Mod626,Tests navigation 626,0,0,Tests navigation,10,Mod625,0,Mod334,2016/04/24 12:43:00,0.0736111111111,2016/04/24 14:29:00,,Mod671,
Mod886,Underbelly 886,0,0,Underbelly 885,0,Mod885,0,Mod846,2016/04/24 13:28:00,0.0513888888889,2016/04/24 14:42:00,,,
Mod494,Fuel 494,0,0,Fuel,10,Mod406,0,Mod334,2016/04/24 13:28:00,0.0701388888889,2016/04/24 15:09:00,,Mod671,
Mod938,Underbelly 938,0,0,Underbelly,10,Mod846,0,Mod334,2016/04/24 13:37:00,0.0611111111111,2016/04/24 15:05:00,,"Mod912, Mod947",
Mod588,Elec cargo 588,0,0,Elec cargo,10,Mod576,0,Mod334,2016/04/24 13:55:59,0.0597222222222,2016/04/24 15:21:59,,Mod581,
Mod734,hydraulics 734,0,0,hydraulics,10,Mod674,0,Mod334,2016/04/24 14:29:00,0.0180555555556,2016/04/24 14:54:59,,Mod626,
Mod816,Prep fuel 816,0,0,Prep fuel,10,Mod795,0,Mod334,2016/04/24 14:42:00,0.0256944444444,2016/04/24 15:18:59,,,
Mod629,Tests navigation 629,0,0,Tests navigation,10,Mod625,0,Mod334,2016/04/24 14:54:59,0.0666666666667,2016/04/24 16:30:59,,Mod671,
Mod717,hydraulics 717,0,0,hydraulics 716,0,Mod716,0,Mod674,2016/04/24 15:05:00,0.0527777777778,2016/04/24 16:21:00,,,
Mod735,hydraulics 735,0,0,hydraulics,10,Mod674,0,Mod334,2016/04/24 15:09:00,0.0145833333333,2016/04/24 15:30:00,,Mod626,
Mod502,Fuel 502,0,0,Fuel,10,Mod406,0,Mod334,2016/04/24 15:18:59,0.00208333333333,2016/04/24 15:21:59,,Mod816,
Mod375,Leading edge 375,0,0,Leading edge 374,0,Mod374,0,Mod370,2016/04/24 15:21:59,0.0805555555556,2016/04/24 17:18:00,,Mod377,
Mod495,Fuel 495,0,0,Fuel,10,Mod406,0,Mod334,2016/04/24 15:30:00,0.0444444444444,2016/04/24 16:33:59,,"Mod494, Mod425, Mod420, Mod496, Mod424, Mod518, Mod422, Mod423, Mod421",
Mod712,hydraulics 712,0,0,hydraulics 709,0,Mod709,0,Mod674,2016/04/24 16:21:00,0.00555555555556,2016/04/24 16:28:59,,Mod717,
Mod478,Fuel 478,0,0,Fuel,10,Mod406,0,Mod334,2016/04/24 16:21:00,0.110416666667,2016/04/24 18:59:59,,Mod490,
Mod617,Tests comunication 617,0,0,Tests comunication,10,Mod613,0,Mod334,2016/04/24 16:30:59,0.0777777777778,2016/04/24 18:23:00,,Mod671,
Mod668,Tests fire 668,0,0,Tests fire,10,Mod665,0,Mod334,2016/04/24 16:33:59,0.0625,2016/04/24 18:03:59,,Mod671,
Mod376,Leading edge 376,0,0,Leading edge 374,0,Mod374,0,Mod370,2016/04/24 17:18:00,0.0138888888889,2016/04/24 17:38:00,,Mod375,
Mod399,Leading edge 399,0,0,Leading edge,10,Mod370,0,Mod334,2016/04/24 17:38:00,0.0125,2016/04/24 17:56:00,,Mod376,
Mod868,Underbelly 868,0,0,Underbelly 867,0,Mod867,0,Mod846,2016/04/24 17:47:59,0.04375,2016/04/24 18:50:59,,Mod863,
Mod516,Fuel 516,0,0,Fuel,10,Mod406,0,Mod334,2016/04/24 17:56:00,0.0777777777778,2016/04/24 19:48:00,,"Mod680, Mod404, Mod525, Mod491, Mod679",
Mod670,Tests elec power 670,0,0,Tests elec power,10,Mod669,0,Mod334,2016/04/24 18:03:59,0.103472222222,2016/04/24 20:33:00,,Mod671,
Mod482,Fuel 482,0,0,Fuel,10,Mod406,0,Mod334,2016/04/24 18:23:00,0.0256944444444,2016/04/24 18:59:59,,,
Mod615,Tests comunication 615,0,0,Tests comunication,10,Mod613,0,Mod334,2016/04/24 18:23:00,0.0333333333333,2016/04/24 19:10:59,,"Mod590, Mod617",
Mod872,Underbelly 872,0,0,Underbelly 870,0,Mod870,0,Mod846,2016/04/24 18:23:00,0.0666666666667,2016/04/24 19:59:00,,Mod869,
Mod928,Underbelly 928,0,0,Underbelly,10,Mod846,0,Mod334,2016/04/24 18:59:59,0.0125,2016/04/24 19:17:59,,"Mod868, Mod869",
Mod475,Fuel 475,0,0,Fuel 473,0,Mod473,0,Mod406,2016/04/24 18:59:59,0.0791666666667,2016/04/24 20:54:00,,Mod808,
Mod616,Tests comunication 616,0,0,Tests comunication,10,Mod613,0,Mod334,2016/04/24 19:10:59,0.0923611111111,2016/04/24 21:23:59,,Mod617,
Mod920,Underbelly 920,0,0,Underbelly,10,Mod846,0,Mod334,2016/04/24 19:17:59,0.0326388888889,2016/04/24 20:04:59,,"Mod868, Mod869",
Mod1784,Backlog 1784,0,0,Backlog,10,Mod1715,0,Mod334,2016/04/24 19:48:00,0.0833333333333,2016/04/24 21:48:00,,,
Mod738,hydraulics 738,0,0,hydraulics,10,Mod674,0,Mod334,2016/04/24 19:48:59,0.130555555556,2016/04/24 22:57:00,,Mod735,
Mod398,Leading edge 398,0,0,Leading edge,10,Mod370,0,Mod334,2016/04/24 19:50:59,0.0208333333333,2016/04/24 20:20:59,,Mod376,
Mod349,Ventilation/AC 349,0,0,Ventilation/AC,10,Mod335,0,Mod334,2016/04/24 20:02:59,0.0652777777778,2016/04/24 21:36:59,,"Mod855, Mod357, Mod915, Mod829, Mod355, Mod854, Mod353, Mod358, Mod916",
Mod547,Remove mount 547,0,0,Remove mount,10,Mod538,0,Mod334,2016/04/24 20:04:59,0.0576388888889,2016/04/24 21:27:59,,,
Mod676,hydraulics 676,0,0,hydraulics 675,0,Mod675,0,Mod674,2016/04/24 20:31:59,0.111805555556,2016/04/24 23:13:00,,Mod395,
Mod476,Fuel 476,0,0,Fuel 473,0,Mod473,0,Mod406,2016/04/24 21:02:00,0.0131944444444,2016/04/24 21:21:00,,"Mod820, Mod475",
Mod484,Fuel 484,0,0,Fuel,10,Mod406,0,Mod334,2016/04/24 21:02:00,0.0256944444444,2016/04/24 21:39:00,,Mod491,
Mod480,Fuel 480,0,0,Fuel,10,Mod406,0,Mod334,2016/04/24 21:18:00,0.145833333333,2016/04/25 00:48:00,,Mod505,
Mod341,Ventilation/AC 341,0,0,Ventilation/AC 336,0,Mod336,0,Mod335,2016/04/24 21:23:59,0.103472222222,2016/04/24 23:53:00,,Mod342,
Mod457,Fuel 457,0,0,Fuel 454,0,Mod454,0,Mod406,2016/04/24 21:39:00,0.0444444444444,2016/04/24 22:42:59,,,
Mod366,Ventilation/AC 366,0,0,Ventilation/AC,10,Mod335,0,Mod334,2016/04/24 21:48:00,0.0194444444444,2016/04/24 22:15:59,,,
Mod511,Fuel 511,0,0,Fuel,10,Mod406,0,Mod334,2016/04/24 22:15:59,0.0333333333333,2016/04/24 23:04:00,,Mod476,
Mod471,Fuel 471,0,0,Fuel 469,0,Mod469,0,Mod406,2016/04/24 22:26:00,0.075,2016/04/25 00:14:00,,Mod810,
Mod871,Underbelly 871,0,0,Underbelly 870,0,Mod870,0,Mod846,2016/04/24 22:28:00,0.0666666666667,2016/04/25 00:03:59,,Mod868,
Mod403,Black box 403,0,0,Black box,10,Mod402,0,Mod334,2016/04/24 22:57:00,0.106944444444,2016/04/25 01:30:59,,"Mod671, Mod404",
Mod381,Leading edge 381,0,0,Leading edge 378,0,Mod378,0,Mod370,2016/04/24 23:04:00,0.00763888888889,2016/04/24 23:15:00,,Mod395,
Mod512,Fuel 512,0,0,Fuel,10,Mod406,0,Mod334,2016/04/24 23:15:00,0.0777777777778,2016/04/25 01:06:59,,,
Mod726,hydraulics 726,0,0,hydraulics,10,Mod674,0,Mod334,2016/04/24 23:22:59,0.00208333333333,2016/04/24 23:26:00,,Mod738,
Mod919,Underbelly 919,0,0,Underbelly,10,Mod846,0,Mod334,2016/04/24 23:22:59,0.104166666667,2016/04/25 01:53:00,,"Mod915, Mod868, Mod869",
Mod631,Tests navigation 631,0,0,Tests navigation,10,Mod625,0,Mod334,2016/04/24 23:53:00,0.08125,2016/04/25 01:50:00,,Mod671,
Mod444,Fuel 444,0,0,Fuel 441,0,Mod441,0,Mod406,2016/04/25 00:32:59,0.0208333333333,2016/04/25 01:03:00,,Mod491,
Mod506,Fuel 506,0,0,Fuel,10,Mod406,0,Mod334,2016/04/25 00:48:00,0.0611111111111,2016/04/25 02:15:59,,Mod480,
Mod472,Fuel 472,0,0,Fuel 469,0,Mod469,0,Mod406,2016/04/25 01:03:00,0.0138888888889,2016/04/25 01:23:00,,"Mod822, Mod471",
Mod578,Elec cargo 578,0,0,Elec cargo,10,Mod576,0,Mod334,2016/04/25 01:03:00,0.0583333333333,2016/04/25 02:27:00,,Mod581,
Mod429,Fuel 429,0,0,Fuel 426,0,Mod426,0,Mod406,2016/04/25 01:06:59,0.0673611111111,2016/04/25 02:44:00,,"Mod476, Mod511",
Mod925,Underbelly 925,0,0,Underbelly,10,Mod846,0,Mod334,2016/04/25 01:17:59,0.0125,2016/04/25 01:35:59,,"Mod868, Mod869",
Mod499,Fuel 499,0,0,Fuel,10,Mod406,0,Mod334,2016/04/25 01:23:00,0.00347222222222,2016/04/25 01:28:00,,"Mod472, Mod812, Mod475",
Mod383,Leading edge 383,0,0,Leading edge 382,0,Mod382,0,Mod370,2016/04/25 01:23:00,0.0423611111111,2016/04/25 02:24:00,,Mod512,
Mod435,Fuel 435,0,0,Fuel 431,0,Mod431,0,Mod406,2016/04/25 01:28:00,0.0243055555556,2016/04/25 02:02:59,,"Mod499, Mod472, Mod804",
Mod628,Tests navigation 628,0,0,Tests navigation,10,Mod625,0,Mod334,2016/04/25 01:30:59,0.0736111111111,2016/04/25 03:16:59,,Mod671,
Mod698,hydraulics 698,0,0,hydraulics 696,0,Mod696,0,Mod674,2016/04/25 01:35:59,0.0208333333333,2016/04/25 02:06:00,,Mod676,
Mod439,Fuel 439,0,0,Fuel 436,0,Mod436,0,Mod406,2016/04/25 01:35:59,0.0243055555556,2016/04/25 02:11:00,,"Mod499, Mod798, Mod476",
Mod338,Ventilation/AC 338,0,0,Ventilation/AC 336,0,Mod336,0,Mod335,2016/04/25 01:50:00,0.111111111111,2016/04/25 04:30:00,,Mod671,
Mod432,Fuel 432,0,0,Fuel 431,0,Mod431,0,Mod406,2016/04/25 02:06:00,0.00833333333333,2016/04/25 02:18:00,,Mod435,
Mod474,Fuel 474,0,0,Fuel 473,0,Mod473,0,Mod406,2016/04/25 02:11:00,0.0326388888889,2016/04/25 02:58:00,,"Mod499, Mod476",
Mod2065,Backlog 2065,0,0,Backlog,10,Mod1715,0,Mod334,2016/04/25 02:18:00,0.0833333333333,2016/04/25 04:17:59,,,
Mod470,Fuel 470,0,0,Fuel 469,0,Mod469,0,Mod406,2016/04/25 02:27:00,0.0326388888889,2016/04/25 03:14:00,,Mod499,
Mod587,Elec cargo 587,0,0,Elec cargo,10,Mod576,0,Mod334,2016/04/25 02:27:00,0.0652777777778,2016/04/25 04:01:00,,"Mod578, Mod588",
Mod427,Fuel 427,0,0,Fuel 426,0,Mod426,0,Mod406,2016/04/25 02:44:00,0.0673611111111,2016/04/25 04:21:00,,"Mod499, Mod429",
Mod936,Underbelly 936,0,0,Underbelly,10,Mod846,0,Mod334,2016/04/25 02:58:00,0.04375,2016/04/25 04:01:00,,Mod919,
Mod433,Fuel 433,0,0,Fuel 431,0,Mod431,0,Mod406,2016/04/25 03:14:00,0.0520833333333,2016/04/25 04:28:59,,"Mod435, Mod802",
Mod618,Tests comunication 618,0,0,Tests comunication,10,Mod613,0,Mod334,2016/04/25 03:16:59,0.0923611111111,2016/04/25 05:29:59,,"Mod617, Mod405",
Mod773,Floor cargo 773,0,0,Floor cargo 771,0,Mod771,0,Mod770,2016/04/25 03:48:00,0.0236111111111,2016/04/25 04:21:59,,,
Mod489,Fuel 489,0,0,Fuel,10,Mod406,0,Mod334,2016/04/25 04:17:59,0.0256944444444,2016/04/25 04:55:00,,"Mod499, Mod472, Mod476",
Mod430,Fuel 430,0,0,Fuel 426,0,Mod426,0,Mod406,2016/04/25 04:21:00,0.0673611111111,2016/04/25 05:58:00,,"Mod472, Mod511",
Mod718,hydraulics 718,0,0,hydraulics 716,0,Mod716,0,Mod674,2016/04/25 04:21:59,0.0277777777778,2016/04/25 05:02:00,,Mod717,
Mod440,Fuel 440,0,0,Fuel 436,0,Mod436,0,Mod406,2016/04/25 04:55:00,0.00833333333333,2016/04/25 05:06:59,,Mod439,
Mod913,Underbelly 913,0,0,Underbelly,10,Mod846,0,Mod334,2016/04/25 04:55:00,0.0125,2016/04/25 05:13:00,,"Mod922, Mod920, Mod870, Mod936",
Mod437,Fuel 437,0,0,Fuel 436,0,Mod436,0,Mod406,2016/04/25 05:06:59,0.0520833333333,2016/04/25 06:21:59,,"Mod439, Mod796",
Mod932,Underbelly 932,0,0,Underbelly,10,Mod846,0,Mod334,2016/04/25 05:13:00,0.0125,2016/04/25 05:31:00,,"Mod868, Mod869",
Mod762,Add scaffold 762,0,0,Add scaffold,10,Mod760,0,Mod334,2016/04/25 05:31:00,0.0298611111111,2016/04/25 06:14:00,,,
Mod510,Fuel 510,0,0,Fuel,10,Mod406,0,Mod334,2016/04/25 05:58:00,0.184722222222,2016/04/25 10:24:00,,"Mod472, Mod511",
Mod556,Test elec 556,0,0,Test elec,10,Mod554,0,Mod334,2016/04/25 07:30:00,0.111111111111,2016/04/25 10:10:00,,Mod671,
Mod586,Elec cargo 586,0,0,Elec cargo,10,Mod576,0,Mod334,2016/04/25 07:30:00,0.111805555556,2016/04/25 10:10:59,,Mod587,
Mod627,Tests navigation 627,0,0,Tests navigation,10,Mod625,0,Mod334,2016/04/25 07:30:00,0.114583333333,2016/04/25 10:15:00,,Mod671,
Mod438,Fuel 438,0,0,Fuel 436,0,Mod436,0,Mod406,2016/04/25 07:30:00,0.116666666667,2016/04/25 10:17:59,,Mod440,
Mod860,Underbelly 860,0,0,Underbelly 859,0,Mod859,0,Mod846,2016/04/25 07:30:00,0.152777777778,2016/04/25 11:09:59,,"Mod855, Mod854, Mod916",
Mod348,Ventilation/AC 348,0,0,Ventilation/AC 343,0,Mod343,0,Mod335,2016/04/25 10:10:00,0.166666666667,2016/04/25 14:09:59,,Mod671,
Mod434,Fuel 434,0,0,Fuel 431,0,Mod431,0,Mod406,2016/04/25 10:10:59,0.116666666667,2016/04/25 12:59:00,,Mod432,
Mod794,Fuselage 794,0,0,Fuselage,10,Mod793,0,Mod334,2016/04/25 10:12:59,0.0958333333333,2016/04/25 12:30:59,,"Mod541, Mod547, Mod954, Mod956, Mod832, Mod951, Mod545, Mod542, Mod540, Mod955, Mod546",
Mod555,Test elec 555,0,0,Test elec,10,Mod554,0,Mod334,2016/04/25 10:15:00,0.122222222222,2016/04/25 13:10:59,,Mod671,
Mod589,Elec cargo 589,0,0,Elec cargo,10,Mod576,0,Mod334,2016/04/25 10:24:00,0.0597222222222,2016/04/25 11:49:59,,"Mod591, Mod584, Mod585, Mod595, Mod583, Mod586, Mod580",
Mod879,Underbelly 879,0,0,Underbelly 877,0,Mod877,0,Mod846,2016/04/25 11:06:59,0.191666666667,2016/04/25 15:43:00,,,
Mod428,Fuel 428,0,0,Fuel 426,0,Mod426,0,Mod406,2016/04/25 11:49:59,0.0673611111111,2016/04/25 13:26:59,,"Mod499, Mod430",
Mod933,Underbelly 933,0,0,Underbelly,10,Mod846,0,Mod334,2016/04/25 12:30:59,0.0138888888889,2016/04/25 12:50:59,,"Mod861, Mod860",
Mod878,Underbelly 878,0,0,Underbelly 877,0,Mod877,0,Mod846,2016/04/25 12:59:00,0.191666666667,2016/04/25 17:35:00,,,
Mod514,Fuel 514,0,0,Fuel,10,Mod406,0,Mod334,2016/04/25 13:26:59,0.0777777777778,2016/04/25 15:18:59,,,
Mod630,Tests navigation 630,0,0,Tests navigation,10,Mod625,0,Mod334,2016/04/25 14:09:59,0.1625,2016/04/25 18:03:59,,Mod671,
Mod658,Tests pressure 658,0,0,Tests pressure,10,Mod656,0,Mod334,2016/04/25 14:09:59,0.170138888889,2016/04/25 18:14:59,,,
Mod874,Underbelly 874,0,0,Underbelly 873,0,Mod873,0,Mod846,2016/04/25 15:07:00,0.113888888889,2016/04/25 17:51:00,,,
Mod384,Leading edge 384,0,0,Leading edge 382,0,Mod382,0,Mod370,2016/04/25 15:18:59,0.0652777777778,2016/04/25 16:53:00,,Mod514,
Mod509,Fuel 509,0,0,Fuel,10,Mod406,0,Mod334,2016/04/25 15:18:59,0.0715277777778,2016/04/25 17:02:00,,Mod428,
Mod940,Underbelly 940,0,0,Underbelly,10,Mod846,0,Mod334,2016/04/25 16:59:00,0.195833333333,2016/04/25 21:41:00,,"Mod853, Mod916, Mod852",
Mod945,Underbelly 945,0,0,Underbelly,10,Mod846,0,Mod334,2016/04/25 17:02:00,0.0777777777778,2016/04/25 18:54:00,,"Mod922, Mod920, Mod870, Mod936",
Mod492,Fuel 492,0,0,Fuel,10,Mod406,0,Mod334,2016/04/25 17:51:00,0.427083333333,2016/04/26 04:06:00,,"Mod478, Mod458, Mod507, Mod514, Mod493, Mod451, Mod512",
Mod521,Fuel 521,0,0,Fuel,10,Mod406,0,Mod334,2016/04/25 17:51:00,60004.225,2180/08/07 23:15:00,,,
Mod614,Tests comunication 614,0,0,Tests comunication,10,Mod613,0,Mod334,2016/04/25 18:03:59,0.222222222222,2016/04/25 23:24:00,,Mod617,
Mod379,Leading edge 379,0,0,Leading edge 378,0,Mod378,0,Mod370,2016/04/25 18:54:00,0.0805555555556,2016/04/25 20:49:59,,Mod381,
Mod380,Leading edge 380,0,0,Leading edge 378,0,Mod378,0,Mod370,2016/04/25 20:49:59,0.0138888888889,2016/04/25 21:09:59,,Mod379,
Mod400,Leading edge 400,0,0,Leading edge,10,Mod370,0,Mod334,2016/04/25 21:09:59,0.0125,2016/04/25 21:27:59,,Mod380,
Mod397,Leading edge 397,0,0,Leading edge,10,Mod370,0,Mod334,2016/04/25 21:09:59,0.0208333333333,2016/04/25 21:39:59,,Mod380,
Mod605,Elec cargo 605,0,0,Elec cargo,10,Mod576,0,Mod334,2016/04/25 21:27:59,0.0923611111111,2016/04/25 23:40:59,,,
Mod392,Leading edge 392,0,0,Leading edge,10,Mod370,0,Mod334,2016/04/25 21:39:59,0.0736111111111,2016/04/25 23:26:00,,"Mod400, Mod397, Mod398, Mod399",
Mod906,Underbelly 906,0,0,Underbelly 904,0,Mod904,0,Mod846,2016/04/25 21:41:00,0.0986111111111,2016/04/26 00:03:00,,Mod940,
Mod345,Ventilation/AC 345,0,0,Ventilation/AC 343,0,Mod343,0,Mod335,2016/04/25 23:24:00,0.259027777778,2016/04/26 05:36:59,,Mod671,
Mod594,Elec cargo 594,0,0,Elec cargo,10,Mod576,0,Mod334,2016/04/25 23:40:59,0.0208333333333,2016/04/26 00:11:00,,Mod605,
Mod895,Underbelly 895,0,0,Underbelly 893,0,Mod893,0,Mod846,2016/04/26 00:03:00,0.0416666666667,2016/04/26 01:03:00,,"Mod906, Mod903",
Mod609,Elec cargo 609,0,0,Elec cargo,10,Mod576,0,Mod334,2016/04/26 00:11:00,0.0152777777778,2016/04/26 00:32:59,,Mod594,
Mod579,Elec cargo 579,0,0,Elec cargo,10,Mod576,0,Mod334,2016/04/26 00:32:59,0.0256944444444,2016/04/26 01:10:00,,Mod609,
Mod905,Underbelly 905,0,0,Underbelly 904,0,Mod904,0,Mod846,2016/04/26 00:32:59,0.0986111111111,2016/04/26 02:54:59,,Mod940,
Mod603,Elec cargo 603,0,0,Elec cargo,10,Mod576,0,Mod334,2016/04/26 01:10:00,0.0152777777778,2016/04/26 01:32:00,,Mod579,
Mod448,Fuel 448,0,0,Fuel 441,0,Mod441,0,Mod406,2016/04/26 01:32:00,0.104166666667,2016/04/26 04:01:59,,,
Mod929,Underbelly 929,0,0,Underbelly,10,Mod846,0,Mod334,2016/04/26 02:45:59,0.108333333333,2016/04/26 05:22:00,,Mod933,
Mod759,Painting 759,0,0,Painting,10,Mod758,0,Mod334,2016/04/26 04:01:59,0.273611111111,2016/04/26 10:35:59,,Mod671,
Mod894,Underbelly 894,0,0,Underbelly 893,0,Mod893,0,Mod846,2016/04/26 04:06:00,0.0416666666667,2016/04/26 05:06:00,,"Mod905, Mod902",
Mod487,Fuel 487,0,0,Fuel,10,Mod406,0,Mod334,2016/04/26 04:06:00,0.0756944444444,2016/04/26 05:54:59,,"Mod503, Mod436, Mod431, Mod471, Mod492, Mod502, Mod475",
Mod413,Fuel 413,0,0,Fuel 412,0,Mod412,0,Mod406,2016/04/26 04:59:00,0.0131944444444,2016/04/26 05:18:00,,"Mod800, Mod492",
Mod414,Fuel 414,0,0,Fuel 412,0,Mod412,0,Mod406,2016/04/26 05:06:00,0.0166666666667,2016/04/26 05:29:59,,"Mod492, Mod806",
Mod883,Underbelly 883,0,0,Underbelly 880,0,Mod880,0,Mod846,2016/04/26 05:29:59,0.0361111111111,2016/04/26 06:21:59,,"Mod847, Mod930, Mod945, Mod913",
Mod500,Fuel 500,0,0,Fuel,10,Mod406,0,Mod334,2016/04/26 07:30:00,0.0159722222222,2016/04/26 07:53:00,,Mod492,
Mod876,Underbelly 876,0,0,Underbelly 873,0,Mod873,0,Mod846,2016/04/26 07:30:00,0.104166666667,2016/04/26 09:59:59,,Mod874,
Mod447,Fuel 447,0,0,Fuel 441,0,Mod441,0,Mod406,2016/04/26 07:53:00,0.15625,2016/04/26 11:38:00,,"Mod442, Mod448, Mod450",
Mod446,Fuel 446,0,0,Fuel 441,0,Mod441,0,Mod406,2016/04/26 08:17:00,0.15625,2016/04/26 12:02:00,,"Mod442, Mod448, Mod450",
Mod882,Underbelly 882,0,0,Underbelly 880,0,Mod880,0,Mod846,2016/04/26 09:00:59,0.0548611111111,2016/04/26 10:19:59,,"Mod847, Mod928, Mod930, Mod945, Mod932, Mod925, Mod913",
Mod488,Fuel 488,0,0,Fuel,10,Mod406,0,Mod334,2016/04/26 09:59:59,0.272222222222,2016/04/26 16:32:00,,Mod487,
Mod881,Underbelly 881,0,0,Underbelly 880,0,Mod880,0,Mod846,2016/04/26 10:19:59,0.0548611111111,2016/04/26 11:38:59,,"Mod847, Mod930, Mod945, Mod932, Mod925, Mod913",
Mod600,Elec cargo 600,0,0,Elec cargo,10,Mod576,0,Mod334,2016/04/26 10:35:59,0.138194444444,2016/04/26 13:55:00,,Mod592,
Mod479,Fuel 479,0,0,Fuel,10,Mod406,0,Mod334,2016/04/26 11:38:00,0.0319444444444,2016/04/26 12:23:59,,"Mod412, Mod500",
Mod910,Underbelly 910,0,0,Underbelly,10,Mod846,0,Mod334,2016/04/26 12:02:00,0.0256944444444,2016/04/26 12:39:00,,Mod881,
Mod391,Leading edge 391,0,0,Leading edge,10,Mod370,0,Mod334,2016/04/26 12:23:59,0.193055555556,2016/04/26 17:02:00,,"Mod400, Mod397, Mod398, Mod702, Mod399",
Mod607,Elec cargo 607,0,0,Elec cargo,10,Mod576,0,Mod334,2016/04/26 13:55:00,0.0152777777778,2016/04/26 14:17:00,,Mod825,
Mod598,Elec cargo 598,0,0,Elec cargo,10,Mod576,0,Mod334,2016/04/26 14:17:00,0.0152777777778,2016/04/26 14:38:59,,Mod607,
Mod624,Tests intruments 624,0,0,Tests intruments,10,Mod622,0,Mod334,2016/04/26 14:17:00,0.0701388888889,2016/04/26 15:57:59,,"Mod671, Mod607",
Mod599,Elec cargo 599,0,0,Elec cargo,10,Mod576,0,Mod334,2016/04/26 14:38:59,0.0270833333333,2016/04/26 15:18:00,,Mod607,
Mod602,Elec cargo 602,0,0,Elec cargo,10,Mod576,0,Mod334,2016/04/26 15:18:00,0.0333333333333,2016/04/26 16:06:00,,Mod607,
Mod909,Underbelly 909,0,0,Underbelly 907,0,Mod907,0,Mod846,2016/04/26 15:48:00,0.0333333333333,2016/04/26 16:35:59,,Mod881,
Mod596,Elec cargo 596,0,0,Elec cargo,10,Mod576,0,Mod334,2016/04/26 16:06:00,0.0458333333333,2016/04/26 17:11:59,,Mod607,
Mod908,Underbelly 908,0,0,Underbelly 907,0,Mod907,0,Mod846,2016/04/26 17:02:00,0.0333333333333,2016/04/26 17:49:59,,Mod882,
Mod597,Elec cargo 597,0,0,Elec cargo,10,Mod576,0,Mod334,2016/04/26 17:11:59,0.0548611111111,2016/04/26 18:30:59,,Mod607,
Mod892,Underbelly 892,0,0,Underbelly 890,0,Mod890,0,Mod846,2016/04/26 17:24:00,0.0243055555556,2016/04/26 17:58:59,,"Mod909, Mod900, Mod396",
Mod889,Underbelly 889,0,0,Underbelly 885,0,Mod885,0,Mod846,2016/04/26 17:58:59,0.0125,2016/04/26 18:16:59,,"Mod373, Mod892",
Mod926,Underbelly 926,0,0,Underbelly,10,Mod846,0,Mod334,2016/04/26 17:58:59,0.0270833333333,2016/04/26 18:38:00,,,
Mod891,Underbelly 891,0,0,Underbelly 890,0,Mod890,0,Mod846,2016/04/26 18:23:00,0.0243055555556,2016/04/26 18:57:59,,"Mod899, Mod395, Mod908",
Mod779,Floor cargo 779,0,0,Floor cargo,10,Mod770,0,Mod334,2016/04/26 18:30:59,0.221527777778,2016/04/26 23:49:59,,Mod607,
Mod477,Fuel 477,0,0,Fuel,10,Mod406,0,Mod334,2016/04/26 19:44:59,0.0527777777778,2016/04/26 21:00:59,,Mod488,
Mod888,Underbelly 888,0,0,Underbelly 885,0,Mod885,0,Mod846,2016/04/26 21:00:59,0.0125,2016/04/26 21:18:59,,"Mod372, Mod891",
Mod786,Floor cargo 786,0,0,Floor cargo,10,Mod770,0,Mod334,2016/04/26 23:49:59,0.0868055555556,2016/04/27 01:55:00,,Mod779,
Mod606,Elec cargo 606,0,0,Elec cargo,10,Mod576,0,Mod334,2016/04/26 23:49:59,0.107638888889,2016/04/27 02:24:59,,Mod603,
Mod604,Elec cargo 604,0,0,Elec cargo,10,Mod576,0,Mod334,2016/04/27 02:24:59,0.0430555555556,2016/04/27 03:27:00,,Mod606,
Mod683,hydraulics 683,0,0,hydraulics 681,0,Mod681,0,Mod674,2016/04/27 02:24:59,0.158333333333,2016/04/27 06:12:59,,,
Mod582,Elec cargo 582,0,0,Elec cargo,10,Mod576,0,Mod334,2016/04/27 03:27:00,0.0666666666667,2016/04/27 05:02:59,,Mod604,
Mod593,Elec cargo 593,0,0,Elec cargo,10,Mod576,0,Mod334,2016/04/27 05:02:59,0.0256944444444,2016/04/27 05:40:00,,Mod582,
Mod682,hydraulics 682,0,0,hydraulics 681,0,Mod681,0,Mod674,2016/04/27 07:30:00,0.0333333333333,2016/04/27 08:18:00,,T684,
Mod688,hydraulics 688,0,0,hydraulics 681,0,Mod681,0,Mod674,2016/04/27 07:30:00,0.159722222222,2016/04/27 11:20:00,,T687,
Mod789,Floor cargo 789,0,0,Floor cargo,10,Mod770,0,Mod334,2016/04/27 08:18:00,0.0194444444444,2016/04/27 08:45:59,,"Mod861, Mod940, Mod352, Mod682, Mod590, Mod923",
Mod364,Ventilation/AC 364,0,0,Ventilation/AC,10,Mod335,0,Mod334,2016/04/27 08:18:00,0.0229166666667,2016/04/27 08:51:00,,"Mod943, Mod682, Mod757, Mod349, Mod369, Mod858, Mod366, Mod756, Mod857",
Mod736,hydraulics 736,0,0,hydraulics,10,Mod674,0,Mod334,2016/04/27 08:18:00,0.0625,2016/04/27 09:48:00,,Mod682,
Mod788,Floor cargo 788,0,0,Floor cargo,10,Mod770,0,Mod334,2016/04/27 08:51:00,0.0194444444444,2016/04/27 09:18:59,,"Mod363, Mod364, Mod783, Mod351, Mod921, Mod365, Mod354, Mod562, Mod356, Mod563",
Mod911,Underbelly 911,0,0,Underbelly,10,Mod846,0,Mod334,2016/04/27 09:34:59,0.0652777777778,2016/04/27 11:08:59,,"Mod682, Mod877",
Mod777,Floor cargo 777,0,0,Floor cargo,10,Mod770,0,Mod334,2016/04/27 09:45:59,0.0777777777778,2016/04/27 11:38:00,,,
Mod898,Underbelly 898,0,0,Underbelly 896,0,Mod896,0,Mod846,2016/04/27 11:08:59,0.00625,2016/04/27 11:18:00,,Mod911,
Mod741,hydraulics 741,0,0,hydraulics,10,Mod674,0,Mod334,2016/04/27 11:08:59,0.121527777778,2016/04/27 14:04:00,,Mod682,
Mod931,Underbelly 931,0,0,Underbelly,10,Mod846,0,Mod334,2016/04/27 11:13:59,6.94444444444E-4,2016/04/27 11:15:00,,"Mod946, Mod883, Mod938, Mod911, Mod882, Mod885, Mod924, Mod881, Mod926",
Mod897,Underbelly 897,0,0,Underbelly 896,0,Mod896,0,Mod846,2016/04/27 11:18:00,0.00625,2016/04/27 11:27:00,,Mod911,
Mod737,hydraulics 737,0,0,hydraulics,10,Mod674,0,Mod334,2016/04/27 11:20:00,0.184722222222,2016/04/27 15:45:59,,"Mod736, Mod688, Mod748",
Mod887,Underbelly 887,0,0,Underbelly 885,0,Mod885,0,Mod846,2016/04/27 11:38:00,0.0513888888889,2016/04/27 12:52:00,,Mod898,
Mod918,Underbelly 918,0,0,Underbelly,10,Mod846,0,Mod334,2016/04/27 13:19:59,0.0125,2016/04/27 13:37:59,,Mod931,
Mod724,hydraulics 724,0,0,hydraulics,10,Mod674,0,Mod334,2016/04/27 13:19:59,0.111805555556,2016/04/27 16:01:00,,Mod682,
Mod689,hydraulics 689,0,0,hydraulics 681,0,Mod681,0,Mod674,2016/04/27 13:37:59,0.0826388888889,2016/04/27 15:36:59,,Mod682,
Mod711,hydraulics 711,0,0,hydraulics 709,0,Mod709,0,Mod674,2016/04/27 15:36:59,0.13125,2016/04/27 18:45:59,,"Mod689, Mod712",
Mod841,Test landing gear 841,0,0,Instruments,10,Mod834,0,Mod334,2016/04/27 15:45:59,0.203472222222,2016/04/27 20:38:59,,Mod688,
Mod848,Underbelly 848,0,0,Underbelly 847,0,Mod847,0,Mod846,2016/04/27 16:01:00,0.209027777778,2016/04/27 21:02:00,,,
Mod791,Floor cargo 791,0,0,Floor cargo,10,Mod770,0,Mod334,2016/04/27 19:46:59,0.0194444444444,2016/04/27 20:15:00,,,
Mod780,Floor cargo 780,0,0,Floor cargo,10,Mod770,0,Mod334,2016/04/27 19:46:59,0.115972222222,2016/04/27 22:33:59,,"Mod568, Mod571, Mod352, Mod573, Mod565, Mod574, Mod784, Mod564, Mod923, Mod569, Mod566, Mod560, Mod572, Mod570, Mod575, Mod561, Mod789, Mod830, Mod567, Mod785",
Mod840,Test landing gear 840,0,0,Instruments,10,Mod834,0,Mod334,2016/04/27 20:38:59,0.225694444444,2016/04/28 02:04:00,,Mod688,
Mod710,hydraulics 710,0,0,hydraulics 709,0,Mod709,0,Mod674,2016/04/27 21:02:00,0.105555555556,2016/04/27 23:33:59,,Mod711,
Mod850,Underbelly 850,0,0,Underbelly 847,0,Mod847,0,Mod846,2016/04/27 22:33:59,0.161111111111,2016/04/28 02:26:00,,Mod848,
Mod707,hydraulics 707,0,0,hydraulics 705,0,Mod705,0,Mod674,2016/04/27 23:33:59,0.13125,2016/04/28 02:42:59,,"Mod689, Mod708",
Mod524,Wings tests 524,0,0,Wings tests 523,0,Mod523,0,Mod522,2016/04/28 02:04:00,0.272222222222,2016/04/28 08:36:00,,"Mod682, Mod840, Mod737, Mod607, Mod526",
Mod706,hydraulics 706,0,0,hydraulics 705,0,Mod705,0,Mod674,2016/04/28 02:42:59,0.105555555556,2016/04/28 05:15:00,,Mod707,
Mod720,hydraulics 720,0,0,hydraulics 719,0,Mod719,0,Mod674,2016/04/28 05:15:00,0.200694444444,2016/04/28 10:03:59,,"Mod743, Mod710",
Mod652,Tests autopilot 652,0,0,Tests autopilot,10,Mod650,0,Mod334,2016/04/28 08:36:00,0.0180555555556,2016/04/28 09:02:00,,,
Mod651,Tests autopilot 651,0,0,Tests autopilot,10,Mod650,0,Mod334,2016/04/28 08:36:00,0.0416666666667,2016/04/28 09:36:00,,Mod524,
Mod739,hydraulics 739,0,0,hydraulics,10,Mod674,0,Mod334,2016/04/28 09:36:00,0.0256944444444,2016/04/28 10:12:59,,"Mod524, Mod738, Mod525",
Mod721,hydraulics 721,0,0,hydraulics 719,0,Mod719,0,Mod674,2016/04/28 10:03:59,0.200694444444,2016/04/28 14:53:00,,"Mod706, Mod744",
Mod836,Test landing gear 836,0,0,Test landing gear,0,Mod835,0,Mod834,2016/04/28 10:12:59,0.140277777778,2016/04/28 13:35:00,,"Mod742, Mod840, Mod841",
Mod844,Test landing gear 844,0,0,Instruments,10,Mod834,0,Mod334,2016/04/28 13:35:00,0.0152777777778,2016/04/28 13:57:00,,Mod836,
Mod838,Test landing gear 838,0,0,Instruments,10,Mod834,0,Mod334,2016/04/28 13:35:00,0.0777777777778,2016/04/28 15:27:00,,"Mod836, Mod837",
Mod725,hydraulics 725,0,0,hydraulics,10,Mod674,0,Mod334,2016/04/28 15:27:00,0.0652777777778,2016/04/28 17:00:59,,"Mod753, Mod754, Mod741, Mod838, Mod845, Mod724, Mod739",
Mod727,hydraulics 727,0,0,hydraulics,10,Mod674,0,Mod334,2016/04/28 17:00:59,0.0277777777778,2016/04/28 17:40:59,,,
Mod740,hydraulics 740,0,0,hydraulics,10,Mod674,0,Mod334,2016/04/28 17:00:59,0.0555555555556,2016/04/28 18:21:00,,"Mod725, Mod463, Mod845, Mod838",
