Mod1715,,,,,,,
Mod1716,0.128472222222,0.134722222222,0.00625,2016-04-23 11:05:00,2016-04-23 11:14:00,0.0,1.0
Mod1731,0.0,0.00625,0.00625,2016-04-23 08:00:00,2016-04-23 08:09:00,0.0,1.0
Mod1748,0.136805555556,0.167361111111,0.0305555555556,2016-04-23 11:17:00,2016-04-23 12:01:00,0.0,1.0
Mod1784,1.49166666667,1.575,0.0833333333333,2016-04-24 19:48:00,2016-04-24 21:48:00,0.0,1.0
Mod1787,0.73125,0.7375,0.00625,2016-04-24 01:33:00,2016-04-24 01:42:00,0.0,1.0
Mod1822,0.113194444444,0.152083333333,0.0388888888889,2016-04-23 10:43:00,2016-04-23 11:39:00,0.0,1.0
Mod1858,0.7375,0.751388888889,0.0138888888889,2016-04-24 01:42:00,2016-04-24 02:02:00,0.0,1.0
Mod1914,0.00625,0.0215277777778,0.0152777777778,2016-04-23 08:09:00,2016-04-23 08:31:00,0.0,1.0
Mod1948,0.686111111111,0.722222222222,0.0361111111111,2016-04-24 00:28:00,2016-04-24 01:20:00,0.0,1.0
Mod1967,0.582638888889,0.609027777778,0.0263888888889,2016-04-23 21:59:00,2016-04-23 22:37:00,0.0,1.0
Mod1998,0.176388888889,0.201388888889,0.025,2016-04-23 12:14:00,2016-04-23 12:50:00,0.0,1.0
Mod2065,1.7625,1.84583333333,0.0833333333333,2016-04-25 02:18:00,2016-04-25 04:18:00,0.0,1.0
Mod2073,0.144444444444,0.290277777778,0.145833333333,2016-04-23 11:28:00,2016-04-23 14:58:00,0.0,1.0
Mod2078,0.721527777778,0.793055555556,0.0715277777778,2016-04-24 01:19:00,2016-04-24 03:02:00,0.0,1.0
Mod2082,0.09375,0.115277777778,0.0215277777778,2016-04-23 10:15:00,2016-04-23 10:46:00,0.0,1.0
Mod2107,0.793055555556,0.864583333333,0.0715277777778,2016-04-24 03:02:00,2016-04-24 04:45:00,0.0,1.0
Mod2145,0.154166666667,0.302777777778,0.148611111111,2016-04-23 11:42:00,2016-04-23 15:16:00,0.0,1.0
Mod2160,0.239583333333,0.28125,0.0416666666667,2016-04-23 13:45:00,2016-04-23 14:45:00,0.0,1.0
Mod2175,0.00902777777778,0.0152777777778,0.00625,2016-04-23 08:13:00,2016-04-23 08:22:00,0.0,1.0
Mod2206,0.0145833333333,0.108333333333,0.09375,2016-04-23 08:21:00,2016-04-23 10:36:00,0.0,1.0
Mod2246,0.91875,0.990277777778,0.0715277777778,2016-04-24 06:03:00,2016-04-24 07:46:00,0.0,1.0
Mod2266,0.122222222222,0.128472222222,0.00625,2016-04-23 10:56:00,2016-04-23 11:05:00,0.0,1.0
Mod2303,0.0125,0.0770833333333,0.0645833333333,2016-04-23 08:18:00,2016-04-23 09:51:00,0.0,1.0
Mod334,,,,,,,
Mod335,,,,,,1.0,0.0
Mod336,,,,,,,
Mod337,0.779861111111,0.797916666667,0.0180555555556,2016-04-24 02:43:00,2016-04-24 03:09:00,0.0,1.0
Mod338,1.74305555556,1.85416666667,0.111111111111,2016-04-25 01:50:00,2016-04-25 04:30:00,0.0,1.0
Mod339,0.848611111111,0.881944444444,0.0333333333333,2016-04-24 04:22:00,2016-04-24 05:10:00,0.0,1.0
Mod340,0.979166666667,1.03472222222,0.0555555555556,2016-04-24 07:30:00,2016-04-24 08:50:00,0.0,1.0
Mod341,1.55833333333,1.66180555556,0.103472222222,2016-04-24 21:24:00,2016-04-24 23:53:00,0.0,1.0
Mod342,0.903472222222,0.929166666667,0.0256944444444,2016-04-24 05:41:00,2016-04-24 06:18:00,0.0,1.0
Mod343,,,,,,,
Mod344,1.15416666667,1.22777777778,0.0736111111111,2016-04-24 11:42:00,2016-04-24 13:28:00,0.0,1.0
Mod345,2.64166666667,2.90069444444,0.259027777778,2016-04-25 23:24:00,2016-04-26 05:37:00,0.0,1.0
Mod346,,,,,,1.0,0.0
Mod347,0.8375,0.848611111111,0.0111111111111,2016-04-24 04:06:00,2016-04-24 04:22:00,0.0,1.0
Mod348,2.09027777778,2.25694444444,0.166666666667,2016-04-25 10:10:00,2016-04-25 14:10:00,0.0,1.0
Mod349,1.50208333333,1.56736111111,0.0652777777778,2016-04-24 20:03:00,2016-04-24 21:37:00,0.0,1.0
Mod351,,,,,,1.0,0.0
Mod352,,,,,,1.0,0.0
Mod353,0.73125,0.780555555556,0.0493055555556,2016-04-24 01:33:00,2016-04-24 02:44:00,0.0,1.0
Mod354,1.04791666667,1.08680555556,0.0388888888889,2016-04-24 09:09:00,2016-04-24 10:05:00,0.0,1.0
Mod355,,,,,,1.0,0.0
Mod356,,,,,,1.0,0.0
Mod357,,,,,,1.0,0.0
Mod358,,,,,,1.0,0.0
Mod359,0.172222222222,0.302777777778,0.130555555556,2016-04-23 12:08:00,2016-04-23 15:16:00,0.0,1.0
Mod360,0.702777777778,0.710416666667,0.00763888888889,2016-04-24 00:52:00,2016-04-24 01:03:00,0.0,1.0
Mod361,0.615277777778,0.640972222222,0.0256944444444,2016-04-23 22:46:00,2016-04-23 23:23:00,0.0,1.0
Mod362,,,,,,1.0,0.0
Mod363,0.710416666667,0.733333333333,0.0229166666667,2016-04-24 01:03:00,2016-04-24 01:36:00,0.0,1.0
Mod364,4.0125,4.03541666667,0.0229166666667,2016-04-27 08:18:00,2016-04-27 08:51:00,0.0,1.0
Mod365,0.702777777778,0.73125,0.0284722222222,2016-04-24 00:52:00,2016-04-24 01:33:00,0.0,1.0
Mod366,1.575,1.59444444444,0.0194444444444,2016-04-24 21:48:00,2016-04-24 22:16:00,0.0,1.0
Mod368,,,,,,1.0,0.0
Mod369,,,,,,1.0,0.0
Mod370,,,,,,1.0,0.0
Mod371,,,,,,1.0,0.0
Mod372,0.0548611111111,0.171527777778,0.116666666667,2016-04-23 09:19:00,2016-04-23 12:07:00,0.0,1.0
Mod373,0.0,0.0993055555556,0.0993055555556,2016-04-23 08:00:00,2016-04-23 10:23:00,0.0,1.0
Mod374,,,,,,,
Mod375,1.30694444444,1.3875,0.0805555555556,2016-04-24 15:22:00,2016-04-24 17:18:00,0.0,1.0
Mod376,1.3875,1.40138888889,0.0138888888889,2016-04-24 17:18:00,2016-04-24 17:38:00,0.0,1.0
Mod377,0.575,0.582638888889,0.00763888888889,2016-04-23 21:48:00,2016-04-23 21:59:00,0.0,1.0
Mod378,,,,,,,
Mod379,2.45416666667,2.53472222222,0.0805555555556,2016-04-25 18:54:00,2016-04-25 20:50:00,0.0,1.0
Mod380,2.53472222222,2.54861111111,0.0138888888889,2016-04-25 20:50:00,2016-04-25 21:10:00,0.0,1.0
Mod381,1.62777777778,1.63541666667,0.00763888888889,2016-04-24 23:04:00,2016-04-24 23:15:00,0.0,1.0
Mod382,,,,,,,
Mod383,1.72430555556,1.76666666667,0.0423611111111,2016-04-25 01:23:00,2016-04-25 02:24:00,0.0,1.0
Mod384,2.30486111111,2.37013888889,0.0652777777778,2016-04-25 15:19:00,2016-04-25 16:53:00,0.0,1.0
Mod385,,,,,,,
Mod386,0.588888888889,0.620138888889,0.03125,2016-04-23 22:08:00,2016-04-23 22:53:00,0.0,1.0
Mod387,0.0826388888889,0.0979166666667,0.0152777777778,2016-04-23 09:59:00,2016-04-23 10:21:00,0.0,1.0
Mod388,,,,,,,
Mod389,0.666666666667,0.697916666667,0.03125,2016-04-24 00:00:00,2016-04-24 00:45:00,0.0,1.0
Mod390,0.0673611111111,0.0826388888889,0.0152777777778,2016-04-23 09:37:00,2016-04-23 09:59:00,0.0,1.0
Mod391,3.18333333333,3.37638888889,0.193055555556,2016-04-26 12:24:00,2016-04-26 17:02:00,0.0,1.0
Mod392,2.56944444444,2.64305555556,0.0736111111111,2016-04-25 21:40:00,2016-04-25 23:26:00,0.0,1.0
Mod393,0.760416666667,0.804861111111,0.0444444444444,2016-04-24 02:15:00,2016-04-24 03:19:00,0.0,1.0
Mod394,0.0979166666667,0.115972222222,0.0180555555556,2016-04-23 10:21:00,2016-04-23 10:47:00,0.0,1.0
Mod395,0.979166666667,1.50902777778,0.529861111111,2016-04-24 07:30:00,2016-04-24 20:13:00,0.0,1.0
Mod396,0.0125,0.542361111111,0.529861111111,2016-04-23 08:18:00,2016-04-23 21:01:00,0.0,1.0
Mod397,2.54861111111,2.56944444444,0.0208333333333,2016-04-25 21:10:00,2016-04-25 21:40:00,0.0,1.0
Mod398,1.49375,1.51458333333,0.0208333333333,2016-04-24 19:51:00,2016-04-24 20:21:00,0.0,1.0
Mod399,1.40138888889,1.41388888889,0.0125,2016-04-24 17:38:00,2016-04-24 17:56:00,0.0,1.0
Mod400,2.54861111111,2.56111111111,0.0125,2016-04-25 21:10:00,2016-04-25 21:28:00,0.0,1.0
Mod401,,,,,,1.0,0.0
Mod402,,,,,,1.0,0.0
Mod403,1.62291666667,1.72986111111,0.106944444444,2016-04-24 22:57:00,2016-04-25 01:31:00,0.0,1.0
Mod404,0.0,0.0118055555556,0.0118055555556,2016-04-23 08:00:00,2016-04-23 08:17:00,0.0,1.0
Mod405,0.0118055555556,0.0236111111111,0.0118055555556,2016-04-23 08:17:00,2016-04-23 08:34:00,0.0,1.0
Mod406,,,,,,1.0,0.0
Mod407,,,,,,1.0,0.0
Mod408,1.04930555556,1.06527777778,0.0159722222222,2016-04-24 09:11:00,2016-04-24 09:34:00,0.0,1.0
Mod409,1.0625,1.07847222222,0.0159722222222,2016-04-24 09:30:00,2016-04-24 09:53:00,0.0,1.0
Mod410,0.9125,0.921527777778,0.00902777777778,2016-04-24 05:54:00,2016-04-24 06:07:00,0.0,1.0
Mod411,0.925694444444,0.934722222222,0.00902777777778,2016-04-24 06:13:00,2016-04-24 06:26:00,0.0,1.0
Mod412,,,,,,1.0,0.0
Mod413,2.87430555556,2.8875,0.0131944444444,2016-04-26 04:59:00,2016-04-26 05:18:00,0.0,1.0
Mod414,2.87916666667,2.89583333333,0.0166666666667,2016-04-26 05:06:00,2016-04-26 05:30:00,0.0,1.0
Mod415,,,,,,1.0,0.0
Mod416,0.334027777778,0.34375,0.00972222222222,2016-04-23 16:01:00,2016-04-23 16:15:00,0.0,1.0
Mod417,0.579166666667,0.588888888889,0.00972222222222,2016-04-23 21:54:00,2016-04-23 22:08:00,0.0,1.0
Mod418,,,,,,1.0,0.0
Mod419,0.538888888889,0.561111111111,0.0222222222222,2016-04-23 20:56:00,2016-04-23 21:28:00,0.0,1.0
Mod420,0.0,0.04375,0.04375,2016-04-23 08:00:00,2016-04-23 09:03:00,0.0,1.0
Mod421,0.520833333333,0.538888888889,0.0180555555556,2016-04-23 20:30:00,2016-04-23 20:56:00,0.0,1.0
Mod422,0.561111111111,0.645833333333,0.0847222222222,2016-04-23 21:28:00,2016-04-23 23:30:00,0.0,1.0
Mod423,0.04375,0.0805555555556,0.0368055555556,2016-04-23 09:03:00,2016-04-23 09:56:00,0.0,1.0
Mod424,0.645833333333,0.760416666667,0.114583333333,2016-04-23 23:30:00,2016-04-24 02:15:00,0.0,1.0
Mod425,,,,,,1.0,0.0
Mod426,,,,,,,
Mod427,1.78055555556,1.84791666667,0.0673611111111,2016-04-25 02:44:00,2016-04-25 04:21:00,0.0,1.0
Mod428,2.15972222222,2.22708333333,0.0673611111111,2016-04-25 11:50:00,2016-04-25 13:27:00,0.0,1.0
Mod429,1.71319444444,1.78055555556,0.0673611111111,2016-04-25 01:07:00,2016-04-25 02:44:00,0.0,1.0
Mod430,1.84791666667,1.91527777778,0.0673611111111,2016-04-25 04:21:00,2016-04-25 05:58:00,0.0,1.0
Mod431,,,,,,1.0,0.0
Mod432,1.75416666667,1.7625,0.00833333333333,2016-04-25 02:06:00,2016-04-25 02:18:00,0.0,1.0
Mod433,1.80138888889,1.85347222222,0.0520833333333,2016-04-25 03:14:00,2016-04-25 04:29:00,0.0,1.0
Mod434,2.09097222222,2.20763888889,0.116666666667,2016-04-25 10:11:00,2016-04-25 12:59:00,0.0,1.0
Mod435,1.72777777778,1.75208333333,0.0243055555556,2016-04-25 01:28:00,2016-04-25 02:03:00,0.0,1.0
Mod436,,,,,,1.0,0.0
Mod437,1.87986111111,1.93194444444,0.0520833333333,2016-04-25 05:07:00,2016-04-25 06:22:00,0.0,1.0
Mod438,1.97916666667,2.09583333333,0.116666666667,2016-04-25 07:30:00,2016-04-25 10:18:00,0.0,1.0
Mod439,1.73333333333,1.75763888889,0.0243055555556,2016-04-25 01:36:00,2016-04-25 02:11:00,0.0,1.0
Mod440,1.87152777778,1.87986111111,0.00833333333333,2016-04-25 04:55:00,2016-04-25 05:07:00,0.0,1.0
Mod441,,,,,,1.0,0.0
Mod442,1.14513888889,1.17083333333,0.0256944444444,2016-04-24 11:29:00,2016-04-24 12:06:00,0.0,1.0
Mod444,1.68958333333,1.71041666667,0.0208333333333,2016-04-25 00:33:00,2016-04-25 01:03:00,0.0,1.0
Mod445,,,,,,1.0,0.0
Mod446,3.01180555556,3.16805555556,0.15625,2016-04-26 08:17:00,2016-04-26 12:02:00,0.0,1.0
Mod447,2.99513888889,3.15138888889,0.15625,2016-04-26 07:53:00,2016-04-26 11:38:00,0.0,1.0
Mod448,2.73055555556,2.83472222222,0.104166666667,2016-04-26 01:32:00,2016-04-26 04:02:00,0.0,1.0
Mod450,,,,,,1.0,0.0
Mod451,,,,,,1.0,0.0
Mod452,,,,,,,
Mod453,0.0125,0.0340277777778,0.0215277777778,2016-04-23 08:18:00,2016-04-23 08:49:00,0.0,1.0
Mod454,,,,,,1.0,0.0
Mod455,,,,,,1.0,0.0
Mod456,0.477777777778,0.522222222222,0.0444444444444,2016-04-23 19:28:00,2016-04-23 20:32:00,0.0,1.0
Mod457,1.56875,1.61319444444,0.0444444444444,2016-04-24 21:39:00,2016-04-24 22:43:00,0.0,1.0
Mod458,,,,,,1.0,0.0
Mod459,0.527083333333,0.555555555556,0.0284722222222,2016-04-23 20:39:00,2016-04-23 21:20:00,0.0,1.0
Mod461,0.545833333333,0.574305555556,0.0284722222222,2016-04-23 21:06:00,2016-04-23 21:47:00,0.0,1.0
Mod463,,,,,,1.0,0.0
Mod464,1.09930555556,1.15763888889,0.0583333333333,2016-04-24 10:23:00,2016-04-24 11:47:00,0.0,1.0
Mod465,1.07361111111,1.13194444444,0.0583333333333,2016-04-24 09:46:00,2016-04-24 11:10:00,0.0,1.0
Mod466,,,,,,1.0,0.0
Mod467,0.34375,0.429861111111,0.0861111111111,2016-04-23 16:15:00,2016-04-23 18:19:00,0.0,1.0
Mod468,0.8375,0.923611111111,0.0861111111111,2016-04-24 04:06:00,2016-04-24 06:10:00,0.0,1.0
Mod469,,,,,,,
Mod470,1.76875,1.80138888889,0.0326388888889,2016-04-25 02:27:00,2016-04-25 03:14:00,0.0,1.0
Mod471,1.60138888889,1.67638888889,0.075,2016-04-24 22:26:00,2016-04-25 00:14:00,0.0,1.0
Mod472,1.71041666667,1.72430555556,0.0138888888889,2016-04-25 01:03:00,2016-04-25 01:23:00,0.0,1.0
Mod473,,,,,,,
Mod474,1.75763888889,1.79027777778,0.0326388888889,2016-04-25 02:11:00,2016-04-25 02:58:00,0.0,1.0
Mod475,1.45833333333,1.5375,0.0791666666667,2016-04-24 19:00:00,2016-04-24 20:54:00,0.0,1.0
Mod476,1.54305555556,1.55625,0.0131944444444,2016-04-24 21:02:00,2016-04-24 21:21:00,0.0,1.0
Mod477,3.48958333333,3.54236111111,0.0527777777778,2016-04-26 19:45:00,2016-04-26 21:01:00,0.0,1.0
Mod478,1.34791666667,1.45833333333,0.110416666667,2016-04-24 16:21:00,2016-04-24 19:00:00,0.0,1.0
Mod479,3.15138888889,3.18333333333,0.0319444444444,2016-04-26 11:38:00,2016-04-26 12:24:00,0.0,1.0
Mod480,1.55416666667,1.7,0.145833333333,2016-04-24 21:18:00,2016-04-25 00:48:00,0.0,1.0
Mod482,1.43263888889,1.45833333333,0.0256944444444,2016-04-24 18:23:00,2016-04-24 19:00:00,0.0,1.0
Mod484,1.54305555556,1.56875,0.0256944444444,2016-04-24 21:02:00,2016-04-24 21:39:00,0.0,1.0
Mod486,0.91875,0.931944444444,0.0131944444444,2016-04-24 06:03:00,2016-04-24 06:22:00,0.0,1.0
Mod487,2.8375,2.91319444444,0.0756944444444,2016-04-26 04:06:00,2016-04-26 05:55:00,0.0,1.0
Mod488,3.08333333333,3.35555555556,0.272222222222,2016-04-26 10:00:00,2016-04-26 16:32:00,0.0,1.0
Mod489,1.84583333333,1.87152777778,0.0256944444444,2016-04-25 04:18:00,2016-04-25 04:55:00,0.0,1.0
Mod490,0.19375,0.498611111111,0.304861111111,2016-04-23 12:39:00,2016-04-23 19:58:00,0.0,1.0
Mod491,1.0625,1.40833333333,0.345833333333,2016-04-24 09:30:00,2016-04-24 17:48:00,0.0,1.0
Mod492,2.41041666667,2.8375,0.427083333333,2016-04-25 17:51:00,2016-04-26 04:06:00,0.0,1.0
Mod493,0.686111111111,0.75625,0.0701388888889,2016-04-24 00:28:00,2016-04-24 02:09:00,0.0,1.0
Mod494,1.22777777778,1.29791666667,0.0701388888889,2016-04-24 13:28:00,2016-04-24 15:09:00,0.0,1.0
Mod495,1.3125,1.35694444444,0.0444444444444,2016-04-24 15:30:00,2016-04-24 16:34:00,0.0,1.0
Mod496,0.979166666667,0.997222222222,0.0180555555556,2016-04-24 07:30:00,2016-04-24 07:56:00,0.0,1.0
Mod497,0.409722222222,0.433333333333,0.0236111111111,2016-04-23 17:50:00,2016-04-23 18:24:00,0.0,1.0
Mod498,0.0104166666667,0.0694444444444,0.0590277777778,2016-04-23 08:15:00,2016-04-23 09:40:00,0.0,1.0
Mod499,1.72430555556,1.72777777778,0.00347222222222,2016-04-25 01:23:00,2016-04-25 01:28:00,0.0,1.0
Mod500,2.97916666667,2.99513888889,0.0159722222222,2016-04-26 07:30:00,2016-04-26 07:53:00,0.0,1.0
Mod501,0.489583333333,0.517361111111,0.0277777777778,2016-04-23 19:45:00,2016-04-23 20:25:00,0.0,1.0
Mod502,1.30486111111,1.30694444444,0.00208333333333,2016-04-24 15:19:00,2016-04-24 15:22:00,0.0,1.0
Mod503,0.171527777778,0.171527777778,0.0,2016-04-23 12:07:00,2016-04-23 12:07:00,0.0,1.0
Mod504,0.00486111111111,0.0152777777778,0.0104166666667,2016-04-23 08:07:00,2016-04-23 08:22:00,0.0,1.0
Mod505,0.0861111111111,0.166666666667,0.0805555555556,2016-04-23 10:04:00,2016-04-23 12:00:00,0.0,1.0
Mod506,1.7,1.76111111111,0.0611111111111,2016-04-25 00:48:00,2016-04-25 02:16:00,0.0,1.0
Mod507,,,,,,1.0,0.0
Mod508,,,,,,1.0,0.0
Mod509,2.30486111111,2.37638888889,0.0715277777778,2016-04-25 15:19:00,2016-04-25 17:02:00,0.0,1.0
Mod510,1.91527777778,2.1,0.184722222222,2016-04-25 05:58:00,2016-04-25 10:24:00,0.0,1.0
Mod511,1.59444444444,1.62777777778,0.0333333333333,2016-04-24 22:16:00,2016-04-24 23:04:00,0.0,1.0
Mod512,1.63541666667,1.71319444444,0.0777777777778,2016-04-24 23:15:00,2016-04-25 01:07:00,0.0,1.0
Mod514,2.22708333333,2.30486111111,0.0777777777778,2016-04-25 13:27:00,2016-04-25 15:19:00,0.0,1.0
Mod516,1.41388888889,1.49166666667,0.0777777777778,2016-04-24 17:56:00,2016-04-24 19:48:00,0.0,1.0
Mod518,0.0236111111111,0.0354166666667,0.0118055555556,2016-04-23 08:34:00,2016-04-23 08:51:00,0.0,1.0
Mod519,,,,,,1.0,0.0
Mod520,,,,,,1.0,0.0
Mod521,2.41041666667,60006.6354167,60004.225,2016-04-25 17:51:00,2180-08-07 23:15:00,0.0,1.0
Mod522,,,,,,,
Mod523,,,,,,1.0,0.0
Mod524,4.75277777778,5.025,0.272222222222,2016-04-28 02:04:00,2016-04-28 08:36:00,0.0,1.0
Mod525,0.0402777777778,0.191666666667,0.151388888889,2016-04-23 08:58:00,2016-04-23 12:36:00,0.0,1.0
Mod526,,,,,,1.0,0.0
Mod527,1.09166666667,1.15416666667,0.0625,2016-04-24 10:12:00,2016-04-24 11:42:00,0.0,1.0
Mod528,,,,,,1.0,0.0
Mod529,0.136111111111,0.26875,0.132638888889,2016-04-23 11:16:00,2016-04-23 14:27:00,0.0,1.0
Mod530,,,,,,1.0,0.0
Mod531,,,,,,1.0,0.0
Mod532,0.0,0.0,0.0,2016-04-23 08:00:00,2016-04-23 08:00:00,0.0,1.0
Mod534,0.422916666667,0.438194444444,0.0152777777778,2016-04-23 18:09:00,2016-04-23 18:31:00,0.0,1.0
Mod536,0.422916666667,0.461805555556,0.0388888888889,2016-04-23 18:09:00,2016-04-23 19:05:00,0.0,1.0
Mod538,,,,,,1.0,0.0
Mod539,0.0659722222222,0.11875,0.0527777777778,2016-04-23 09:35:00,2016-04-23 10:51:00,0.0,1.0
Mod540,0.646527777778,0.686111111111,0.0395833333333,2016-04-23 23:31:00,2016-04-24 00:28:00,0.0,1.0
Mod541,0.721527777778,0.8375,0.115972222222,2016-04-24 01:19:00,2016-04-24 04:06:00,0.0,1.0
Mod542,0.747916666667,0.754166666667,0.00625,2016-04-24 01:57:00,2016-04-24 02:06:00,0.0,1.0
Mod543,0.457638888889,0.489583333333,0.0319444444444,2016-04-23 18:59:00,2016-04-23 19:45:00,0.0,1.0
Mod544,0.391666666667,0.416666666667,0.025,2016-04-23 17:24:00,2016-04-23 18:00:00,0.0,1.0
Mod545,0.5375,0.584027777778,0.0465277777778,2016-04-23 20:54:00,2016-04-23 22:01:00,0.0,1.0
Mod546,0.597222222222,0.64375,0.0465277777778,2016-04-23 22:20:00,2016-04-23 23:27:00,0.0,1.0
Mod547,1.50347222222,1.56111111111,0.0576388888889,2016-04-24 20:05:00,2016-04-24 21:28:00,0.0,1.0
Mod548,,,,,,1.0,0.0
Mod549,0.0548611111111,0.0673611111111,0.0125,2016-04-23 09:19:00,2016-04-23 09:37:00,0.0,1.0
Mod550,,,,,,1.0,0.0
Mod551,,,,,,1.0,0.0
Mod552,0.172222222222,0.276388888889,0.104166666667,2016-04-23 12:08:00,2016-04-23 14:38:00,0.0,1.0
Mod553,0.0673611111111,0.0930555555556,0.0256944444444,2016-04-23 09:37:00,2016-04-23 10:14:00,0.0,1.0
Mod554,,,,,,1.0,0.0
Mod555,2.09375,2.21597222222,0.122222222222,2016-04-25 10:15:00,2016-04-25 13:11:00,0.0,1.0
Mod556,1.97916666667,2.09027777778,0.111111111111,2016-04-25 07:30:00,2016-04-25 10:10:00,0.0,1.0
Mod557,0.877777777778,0.903472222222,0.0256944444444,2016-04-24 05:04:00,2016-04-24 05:41:00,0.0,1.0
Mod558,,,,,,1.0,0.0
Mod559,,,,,,1.0,0.0
Mod560,,,,,,1.0,0.0
Mod561,,,,,,1.0,0.0
Mod562,0.9125,0.933333333333,0.0208333333333,2016-04-24 05:54:00,2016-04-24 06:24:00,0.0,1.0
Mod563,1.09652777778,1.11944444444,0.0229166666667,2016-04-24 10:19:00,2016-04-24 10:52:00,0.0,1.0
Mod564,0.863194444444,0.888888888889,0.0256944444444,2016-04-24 04:43:00,2016-04-24 05:20:00,0.0,1.0
Mod565,0.863194444444,0.878472222222,0.0152777777778,2016-04-24 04:43:00,2016-04-24 05:05:00,0.0,1.0
Mod566,0.994444444444,1.01736111111,0.0229166666667,2016-04-24 07:52:00,2016-04-24 08:25:00,0.0,1.0
Mod567,1.01180555556,1.04791666667,0.0361111111111,2016-04-24 08:17:00,2016-04-24 09:09:00,0.0,1.0
Mod568,0.979166666667,1.0,0.0208333333333,2016-04-24 07:30:00,2016-04-24 08:00:00,0.0,1.0
Mod569,0.990277777778,1.05486111111,0.0645833333333,2016-04-24 07:46:00,2016-04-24 09:19:00,0.0,1.0
Mod570,0.864583333333,0.876388888889,0.0118055555556,2016-04-24 04:45:00,2016-04-24 05:02:00,0.0,1.0
Mod571,,,,,,1.0,0.0
Mod572,,,,,,1.0,0.0
Mod573,1.05486111111,1.09166666667,0.0368055555556,2016-04-24 09:19:00,2016-04-24 10:12:00,0.0,1.0
Mod574,0.876388888889,0.903472222222,0.0270833333333,2016-04-24 05:02:00,2016-04-24 05:41:00,0.0,1.0
Mod575,0.903472222222,0.91875,0.0152777777778,2016-04-24 05:41:00,2016-04-24 06:03:00,0.0,1.0
Mod576,,,,,,1.0,0.0
Mod577,,,,,,1.0,0.0
Mod578,1.71041666667,1.76875,0.0583333333333,2016-04-25 01:03:00,2016-04-25 02:27:00,0.0,1.0
Mod579,2.68958333333,2.71527777778,0.0256944444444,2016-04-26 00:33:00,2016-04-26 01:10:00,0.0,1.0
Mod580,0.213888888889,0.239583333333,0.0256944444444,2016-04-23 13:08:00,2016-04-23 13:45:00,0.0,1.0
Mod581,1.16944444444,1.24722222222,0.0777777777778,2016-04-24 12:04:00,2016-04-24 13:56:00,0.0,1.0
Mod582,3.81041666667,3.87708333333,0.0666666666667,2016-04-27 03:27:00,2016-04-27 05:03:00,0.0,1.0
Mod583,0.333333333333,0.385416666667,0.0520833333333,2016-04-23 16:00:00,2016-04-23 17:15:00,0.0,1.0
Mod584,0.385416666667,0.4375,0.0520833333333,2016-04-23 17:15:00,2016-04-23 18:30:00,0.0,1.0
Mod585,0.28125,0.333333333333,0.0520833333333,2016-04-23 14:45:00,2016-04-23 16:00:00,0.0,1.0
Mod586,1.97916666667,2.09097222222,0.111805555556,2016-04-25 07:30:00,2016-04-25 10:11:00,0.0,1.0
Mod587,1.76875,1.83402777778,0.0652777777778,2016-04-25 02:27:00,2016-04-25 04:01:00,0.0,1.0
Mod588,1.24722222222,1.30694444444,0.0597222222222,2016-04-24 13:56:00,2016-04-24 15:22:00,0.0,1.0
Mod589,2.1,2.15972222222,0.0597222222222,2016-04-25 10:24:00,2016-04-25 11:50:00,0.0,1.0
Mod590,0.0215277777778,0.0479166666667,0.0263888888889,2016-04-23 08:31:00,2016-04-23 09:09:00,0.0,1.0
Mod591,0.0770833333333,0.163888888889,0.0868055555556,2016-04-23 09:51:00,2016-04-23 11:56:00,0.0,1.0
Mod592,0.201388888889,0.213888888889,0.0125,2016-04-23 12:50:00,2016-04-23 13:08:00,0.0,1.0
Mod593,3.87708333333,3.90277777778,0.0256944444444,2016-04-27 05:03:00,2016-04-27 05:40:00,0.0,1.0
Mod594,2.65347222222,2.67430555556,0.0208333333333,2016-04-25 23:41:00,2016-04-26 00:11:00,0.0,1.0
Mod595,0.167361111111,0.176388888889,0.00902777777778,2016-04-23 12:01:00,2016-04-23 12:14:00,0.0,1.0
Mod596,3.3375,3.38333333333,0.0458333333333,2016-04-26 16:06:00,2016-04-26 17:12:00,0.0,1.0
Mod597,3.38333333333,3.43819444444,0.0548611111111,2016-04-26 17:12:00,2016-04-26 18:31:00,0.0,1.0
Mod598,3.26180555556,3.27708333333,0.0152777777778,2016-04-26 14:17:00,2016-04-26 14:39:00,0.0,1.0
Mod599,3.27708333333,3.30416666667,0.0270833333333,2016-04-26 14:39:00,2016-04-26 15:18:00,0.0,1.0
Mod600,3.10833333333,3.24652777778,0.138194444444,2016-04-26 10:36:00,2016-04-26 13:55:00,0.0,1.0
Mod602,3.30416666667,3.3375,0.0333333333333,2016-04-26 15:18:00,2016-04-26 16:06:00,0.0,1.0
Mod603,2.71527777778,2.73055555556,0.0152777777778,2016-04-26 01:10:00,2016-04-26 01:32:00,0.0,1.0
Mod604,3.76736111111,3.81041666667,0.0430555555556,2016-04-27 02:25:00,2016-04-27 03:27:00,0.0,1.0
Mod605,2.56111111111,2.65347222222,0.0923611111111,2016-04-25 21:28:00,2016-04-25 23:41:00,0.0,1.0
Mod606,3.65972222222,3.76736111111,0.107638888889,2016-04-26 23:50:00,2016-04-27 02:25:00,0.0,1.0
Mod607,3.24652777778,3.26180555556,0.0152777777778,2016-04-26 13:55:00,2016-04-26 14:17:00,0.0,1.0
Mod609,2.67430555556,2.68958333333,0.0152777777778,2016-04-26 00:11:00,2016-04-26 00:33:00,0.0,1.0
Mod610,0.494444444444,0.522916666667,0.0284722222222,2016-04-23 19:52:00,2016-04-23 20:33:00,0.0,1.0
Mod611,0.4375,0.494444444444,0.0569444444444,2016-04-23 18:30:00,2016-04-23 19:52:00,0.0,1.0
Mod612,,,,,,1.0,0.0
Mod613,,,,,,1.0,0.0
Mod614,2.41944444444,2.64166666667,0.222222222222,2016-04-25 18:04:00,2016-04-25 23:24:00,0.0,1.0
Mod615,1.43263888889,1.46597222222,0.0333333333333,2016-04-24 18:23:00,2016-04-24 19:11:00,0.0,1.0
Mod616,1.46597222222,1.55833333333,0.0923611111111,2016-04-24 19:11:00,2016-04-24 21:24:00,0.0,1.0
Mod617,1.35486111111,1.43263888889,0.0777777777778,2016-04-24 16:31:00,2016-04-24 18:23:00,0.0,1.0
Mod618,1.80347222222,1.89583333333,0.0923611111111,2016-04-25 03:17:00,2016-04-25 05:30:00,0.0,1.0
Mod619,,,,,,1.0,0.0
Mod620,1.04166666667,1.06736111111,0.0256944444444,2016-04-24 09:00:00,2016-04-24 09:37:00,0.0,1.0
Mod621,1.01944444444,1.04166666667,0.0222222222222,2016-04-24 08:28:00,2016-04-24 09:00:00,0.0,1.0
Mod622,,,,,,1.0,0.0
Mod623,0.822916666667,0.8375,0.0145833333333,2016-04-24 03:45:00,2016-04-24 04:06:00,0.0,1.0
Mod624,3.26180555556,3.33194444444,0.0701388888889,2016-04-26 14:17:00,2016-04-26 15:58:00,0.0,1.0
Mod625,,,,,,1.0,0.0
Mod626,1.19652777778,1.27013888889,0.0736111111111,2016-04-24 12:43:00,2016-04-24 14:29:00,0.0,1.0
Mod627,1.97916666667,2.09375,0.114583333333,2016-04-25 07:30:00,2016-04-25 10:15:00,0.0,1.0
Mod628,1.72986111111,1.80347222222,0.0736111111111,2016-04-25 01:31:00,2016-04-25 03:17:00,0.0,1.0
Mod629,1.28819444444,1.35486111111,0.0666666666667,2016-04-24 14:55:00,2016-04-24 16:31:00,0.0,1.0
Mod630,2.25694444444,2.41944444444,0.1625,2016-04-25 14:10:00,2016-04-25 18:04:00,0.0,1.0
Mod631,1.66180555556,1.74305555556,0.08125,2016-04-24 23:53:00,2016-04-25 01:50:00,0.0,1.0
Mod632,,,,,,1.0,0.0
Mod633,0.804861111111,0.811805555556,0.00694444444444,2016-04-24 03:19:00,2016-04-24 03:29:00,0.0,1.0
Mod634,,,,,,1.0,0.0
Mod635,,,,,,1.0,0.0
Mod636,,,,,,1.0,0.0
Mod637,,,,,,1.0,0.0
Mod638,,,,,,1.0,0.0
Mod639,,,,,,1.0,0.0
Mod640,,,,,,1.0,0.0
Mod641,,,,,,1.0,0.0
Mod642,,,,,,1.0,0.0
Mod643,,,,,,1.0,0.0
Mod644,,,,,,1.0,0.0
Mod645,,,,,,1.0,0.0
Mod646,,,,,,1.0,0.0
Mod647,,,,,,1.0,0.0
Mod648,,,,,,1.0,0.0
Mod649,,,,,,1.0,0.0
Mod650,,,,,,1.0,0.0
Mod651,5.025,5.06666666667,0.0416666666667,2016-04-28 08:36:00,2016-04-28 09:36:00,0.0,1.0
Mod652,5.025,5.04305555556,0.0180555555556,2016-04-28 08:36:00,2016-04-28 09:02:00,0.0,1.0
Mod653,,,,,,1.0,0.0
Mod654,0.0805555555556,0.139583333333,0.0590277777778,2016-04-23 09:56:00,2016-04-23 11:21:00,0.0,1.0
Mod655,0.0145833333333,0.0402777777778,0.0256944444444,2016-04-23 08:21:00,2016-04-23 08:58:00,0.0,1.0
Mod656,,,,,,1.0,0.0
Mod657,0.26875,0.391666666667,0.122916666667,2016-04-23 14:27:00,2016-04-23 17:24:00,0.0,1.0
Mod658,2.25694444444,2.42708333333,0.170138888889,2016-04-25 14:10:00,2016-04-25 18:15:00,0.0,1.0
Mod659,,,,,,1.0,0.0
Mod660,1.06736111111,1.10069444444,0.0333333333333,2016-04-24 09:37:00,2016-04-24 10:25:00,0.0,1.0
Mod661,1.14097222222,1.19652777778,0.0555555555556,2016-04-24 11:23:00,2016-04-24 12:43:00,0.0,1.0
Mod662,0.841666666667,0.877777777778,0.0361111111111,2016-04-24 04:12:00,2016-04-24 05:04:00,0.0,1.0
Mod663,0.827083333333,0.841666666667,0.0145833333333,2016-04-24 03:51:00,2016-04-24 04:12:00,0.0,1.0
Mod664,0.811805555556,0.822916666667,0.0111111111111,2016-04-24 03:29:00,2016-04-24 03:45:00,0.0,1.0
Mod665,,,,,,1.0,0.0
Mod666,0.765277777778,0.779861111111,0.0145833333333,2016-04-24 02:22:00,2016-04-24 02:43:00,0.0,1.0
Mod667,0.819444444444,0.925694444444,0.10625,2016-04-24 03:40:00,2016-04-24 06:13:00,0.0,1.0
Mod668,1.35694444444,1.41944444444,0.0625,2016-04-24 16:34:00,2016-04-24 18:04:00,0.0,1.0
Mod669,,,,,,,
Mod670,1.41944444444,1.52291666667,0.103472222222,2016-04-24 18:04:00,2016-04-24 20:33:00,0.0,1.0
Mod671,0.654166666667,0.765277777778,0.111111111111,2016-04-23 23:42:00,2016-04-24 02:22:00,0.0,1.0
Mod672,,,,,,1.0,0.0
Mod673,0.997222222222,1.01944444444,0.0222222222222,2016-04-24 07:56:00,2016-04-24 08:28:00,0.0,1.0
Mod674,,,,,,1.0,0.0
Mod675,,,,,,,
Mod676,1.52222222222,1.63402777778,0.111805555556,2016-04-24 20:32:00,2016-04-24 23:13:00,0.0,1.0
Mod677,0.782638888889,0.894444444444,0.111805555556,2016-04-24 02:47:00,2016-04-24 05:28:00,0.0,1.0
Mod678,,,,,,1.0,0.0
Mod679,0.0291666666667,0.0798611111111,0.0506944444444,2016-04-23 08:42:00,2016-04-23 09:55:00,0.0,1.0
Mod680,0.579166666667,0.627083333333,0.0479166666667,2016-04-23 21:54:00,2016-04-23 23:03:00,0.0,1.0
Mod681,,,,,,,
Mod682,3.97916666667,4.0125,0.0333333333333,2016-04-27 07:30:00,2016-04-27 08:18:00,0.0,1.0
Mod683,3.76736111111,3.92569444444,0.158333333333,2016-04-27 02:25:00,2016-04-27 06:13:00,0.0,1.0
Mod688,3.97916666667,4.13888888889,0.159722222222,2016-04-27 07:30:00,2016-04-27 11:20:00,0.0,1.0
Mod689,4.23472222222,4.31736111111,0.0826388888889,2016-04-27 13:38:00,2016-04-27 15:37:00,0.0,1.0
Mod690,,,,,,1.0,0.0
Mod691,0.190972222222,0.217361111111,0.0263888888889,2016-04-23 12:35:00,2016-04-23 13:13:00,0.0,1.0
Mod692,0.138194444444,0.164583333333,0.0263888888889,2016-04-23 11:19:00,2016-04-23 11:57:00,0.0,1.0
Mod693,,,,,,,
Mod694,0.0,0.0270833333333,0.0270833333333,2016-04-23 08:00:00,2016-04-23 08:39:00,0.0,1.0
Mod695,0.00555555555556,0.0326388888889,0.0270833333333,2016-04-23 08:08:00,2016-04-23 08:47:00,0.0,1.0
Mod696,,,,,,1.0,0.0
Mod697,1.12430555556,1.14513888889,0.0208333333333,2016-04-24 10:59:00,2016-04-24 11:29:00,0.0,1.0
Mod698,1.73333333333,1.75416666667,0.0208333333333,2016-04-25 01:36:00,2016-04-25 02:06:00,0.0,1.0
Mod699,,,,,,,
Mod700,0.0618055555556,0.0881944444444,0.0263888888889,2016-04-23 09:29:00,2016-04-23 10:07:00,0.0,1.0
Mod701,0.0340277777778,0.0604166666667,0.0263888888889,2016-04-23 08:49:00,2016-04-23 09:27:00,0.0,1.0
Mod702,,,,,,1.0,0.0
Mod703,0.0930555555556,0.129166666667,0.0361111111111,2016-04-23 10:14:00,2016-04-23 11:06:00,0.0,1.0
Mod704,0.0861111111111,0.122222222222,0.0361111111111,2016-04-23 10:04:00,2016-04-23 10:56:00,0.0,1.0
Mod705,,,,,,,
Mod706,4.77986111111,4.88541666667,0.105555555556,2016-04-28 02:43:00,2016-04-28 05:15:00,0.0,1.0
Mod707,4.64861111111,4.77986111111,0.13125,2016-04-27 23:34:00,2016-04-28 02:43:00,0.0,1.0
Mod708,0.391666666667,0.397222222222,0.00555555555556,2016-04-23 17:24:00,2016-04-23 17:32:00,0.0,1.0
Mod709,,,,,,,
Mod710,4.54305555556,4.64861111111,0.105555555556,2016-04-27 21:02:00,2016-04-27 23:34:00,0.0,1.0
Mod711,4.31736111111,4.44861111111,0.13125,2016-04-27 15:37:00,2016-04-27 18:46:00,0.0,1.0
Mod712,1.34791666667,1.35347222222,0.00555555555556,2016-04-24 16:21:00,2016-04-24 16:29:00,0.0,1.0
Mod713,,,,,,1.0,0.0
Mod714,0.302777777778,0.355555555556,0.0527777777778,2016-04-23 15:16:00,2016-04-23 16:32:00,0.0,1.0
Mod715,0.355555555556,0.383333333333,0.0277777777778,2016-04-23 16:32:00,2016-04-23 17:12:00,0.0,1.0
Mod716,,,,,,1.0,0.0
Mod717,1.29513888889,1.34791666667,0.0527777777778,2016-04-24 15:05:00,2016-04-24 16:21:00,0.0,1.0
Mod718,1.84861111111,1.87638888889,0.0277777777778,2016-04-25 04:22:00,2016-04-25 05:02:00,0.0,1.0
Mod719,,,,,,1.0,0.0
Mod720,4.88541666667,5.08611111111,0.200694444444,2016-04-28 05:15:00,2016-04-28 10:04:00,0.0,1.0
Mod721,5.08611111111,5.28680555556,0.200694444444,2016-04-28 10:04:00,2016-04-28 14:53:00,0.0,1.0
Mod722,0.979166666667,1.09166666667,0.1125,2016-04-24 07:30:00,2016-04-24 10:12:00,0.0,1.0
Mod723,0.384027777778,0.422916666667,0.0388888888889,2016-04-23 17:13:00,2016-04-23 18:09:00,0.0,1.0
Mod724,4.22222222222,4.33402777778,0.111805555556,2016-04-27 13:20:00,2016-04-27 16:01:00,0.0,1.0
Mod725,5.31041666667,5.37569444444,0.0652777777778,2016-04-28 15:27:00,2016-04-28 17:01:00,0.0,1.0
Mod726,1.64097222222,1.64305555556,0.00208333333333,2016-04-24 23:23:00,2016-04-24 23:26:00,0.0,1.0
Mod727,5.37569444444,5.40347222222,0.0277777777778,2016-04-28 17:01:00,2016-04-28 17:41:00,0.0,1.0
Mod728,0.0798611111111,0.131944444444,0.0520833333333,2016-04-23 09:55:00,2016-04-23 11:10:00,0.0,1.0
Mod729,1.18888888889,1.24791666667,0.0590277777778,2016-04-24 12:32:00,2016-04-24 13:57:00,0.0,1.0
Mod730,0.15625,0.215277777778,0.0590277777778,2016-04-23 11:45:00,2016-04-23 13:10:00,0.0,1.0
Mod731,0.521527777778,0.597222222222,0.0756944444444,2016-04-23 20:31:00,2016-04-23 22:20:00,0.0,1.0
Mod732,0.0,0.0125,0.0125,2016-04-23 08:00:00,2016-04-23 08:18:00,0.0,1.0
Mod733,0.245833333333,0.284722222222,0.0388888888889,2016-04-23 13:54:00,2016-04-23 14:50:00,0.0,1.0
Mod734,1.27013888889,1.28819444444,0.0180555555556,2016-04-24 14:29:00,2016-04-24 14:55:00,0.0,1.0
Mod735,1.29791666667,1.3125,0.0145833333333,2016-04-24 15:09:00,2016-04-24 15:30:00,0.0,1.0
Mod736,4.0125,4.075,0.0625,2016-04-27 08:18:00,2016-04-27 09:48:00,0.0,1.0
Mod737,4.13888888889,4.32361111111,0.184722222222,2016-04-27 11:20:00,2016-04-27 15:46:00,0.0,1.0
Mod738,1.49236111111,1.62291666667,0.130555555556,2016-04-24 19:49:00,2016-04-24 22:57:00,0.0,1.0
Mod739,5.06666666667,5.09236111111,0.0256944444444,2016-04-28 09:36:00,2016-04-28 10:13:00,0.0,1.0
Mod740,5.37569444444,5.43125,0.0555555555556,2016-04-28 17:01:00,2016-04-28 18:21:00,0.0,1.0
Mod741,4.13125,4.25277777778,0.121527777778,2016-04-27 11:09:00,2016-04-27 14:04:00,0.0,1.0
Mod742,0.979166666667,0.986111111111,0.00694444444444,2016-04-24 07:30:00,2016-04-24 07:40:00,0.0,1.0
Mod743,1.19513888889,1.23958333333,0.0444444444444,2016-04-24 12:41:00,2016-04-24 13:45:00,0.0,1.0
Mod744,1.01041666667,1.05486111111,0.0444444444444,2016-04-24 08:15:00,2016-04-24 09:19:00,0.0,1.0
Mod745,0.11875,0.144444444444,0.0256944444444,2016-04-23 10:51:00,2016-04-23 11:28:00,0.0,1.0
Mod746,0.276388888889,0.384027777778,0.107638888889,2016-04-23 14:38:00,2016-04-23 17:13:00,0.0,1.0
Mod747,0.217361111111,0.270833333333,0.0534722222222,2016-04-23 13:13:00,2016-04-23 14:30:00,0.0,1.0
Mod748,0.457638888889,0.480555555556,0.0229166666667,2016-04-23 18:59:00,2016-04-23 19:32:00,0.0,1.0
Mod749,0.20625,0.225,0.01875,2016-04-23 12:57:00,2016-04-23 13:24:00,0.0,1.0
Mod750,0.115972222222,0.136805555556,0.0208333333333,2016-04-23 10:47:00,2016-04-23 11:17:00,0.0,1.0
Mod751,,,,,,1.0,0.0
Mod752,,,,,,1.0,0.0
Mod753,,,,,,1.0,0.0
Mod754,,,,,,1.0,0.0
Mod755,,,,,,1.0,0.0
Mod756,0.522916666667,0.584027777778,0.0611111111111,2016-04-23 20:33:00,2016-04-23 22:01:00,0.0,1.0
Mod757,0.598611111111,0.654166666667,0.0555555555556,2016-04-23 22:22:00,2016-04-23 23:42:00,0.0,1.0
Mod758,,,,,,1.0,0.0
Mod759,2.83472222222,3.10833333333,0.273611111111,2016-04-26 04:02:00,2016-04-26 10:36:00,0.0,1.0
Mod760,,,,,,1.0,0.0
Mod761,,,,,,1.0,0.0
Mod762,1.89652777778,1.92638888889,0.0298611111111,2016-04-25 05:31:00,2016-04-25 06:14:00,0.0,1.0
Mod763,,,,,,1.0,0.0
Mod764,0.0416666666667,0.0986111111111,0.0569444444444,2016-04-23 09:00:00,2016-04-23 10:22:00,0.0,1.0
Mod765,0.438194444444,0.457638888889,0.0194444444444,2016-04-23 18:31:00,2016-04-23 18:59:00,0.0,1.0
Mod766,0.467361111111,0.477777777778,0.0104166666667,2016-04-23 19:13:00,2016-04-23 19:28:00,0.0,1.0
Mod767,,,,,,1.0,0.0
Mod768,,,,,,1.0,0.0
Mod769,,,,,,1.0,0.0
Mod770,,,,,,1.0,0.0
Mod771,,,,,,1.0,0.0
Mod772,1.07569444444,1.09930555556,0.0236111111111,2016-04-24 09:49:00,2016-04-24 10:23:00,0.0,1.0
Mod773,1.825,1.84861111111,0.0236111111111,2016-04-25 03:48:00,2016-04-25 04:22:00,0.0,1.0
Mod774,,,,,,,
Mod775,,,,,,1.0,0.0
Mod776,,,,,,1.0,0.0
Mod777,4.07361111111,4.15138888889,0.0777777777778,2016-04-27 09:46:00,2016-04-27 11:38:00,0.0,1.0
Mod779,3.43819444444,3.65972222222,0.221527777778,2016-04-26 18:31:00,2016-04-26 23:50:00,0.0,1.0
Mod780,4.49097222222,4.60694444444,0.115972222222,2016-04-27 19:47:00,2016-04-27 22:34:00,0.0,1.0
Mod782,,,,,,1.0,0.0
Mod783,,,,,,1.0,0.0
Mod784,,,,,,1.0,0.0
Mod785,,,,,,1.0,0.0
Mod786,3.65972222222,3.74652777778,0.0868055555556,2016-04-26 23:50:00,2016-04-27 01:55:00,0.0,1.0
Mod787,,,,,,1.0,0.0
Mod788,4.03541666667,4.05486111111,0.0194444444444,2016-04-27 08:51:00,2016-04-27 09:19:00,0.0,1.0
Mod789,4.0125,4.03194444444,0.0194444444444,2016-04-27 08:18:00,2016-04-27 08:46:00,0.0,1.0
Mod791,4.49097222222,4.51041666667,0.0194444444444,2016-04-27 19:47:00,2016-04-27 20:15:00,0.0,1.0
Mod793,,,,,,,
Mod794,2.09236111111,2.18819444444,0.0958333333333,2016-04-25 10:13:00,2016-04-25 12:31:00,0.0,1.0
Mod795,,,,,,1.0,0.0
Mod796,0.131944444444,0.15625,0.0243055555556,2016-04-23 11:10:00,2016-04-23 11:45:00,0.0,1.0
Mod798,0.0,0.0138888888889,0.0138888888889,2016-04-23 08:00:00,2016-04-23 08:20:00,0.0,1.0
Mod800,0.0694444444444,0.0861111111111,0.0166666666667,2016-04-23 09:40:00,2016-04-23 10:04:00,0.0,1.0
Mod802,0.0243055555556,0.0486111111111,0.0243055555556,2016-04-23 08:35:00,2016-04-23 09:10:00,0.0,1.0
Mod804,0.0152777777778,0.0291666666667,0.0138888888889,2016-04-23 08:22:00,2016-04-23 08:42:00,0.0,1.0
Mod806,0.0270833333333,0.04375,0.0166666666667,2016-04-23 08:39:00,2016-04-23 09:03:00,0.0,1.0
Mod808,0.270833333333,0.334027777778,0.0631944444444,2016-04-23 14:30:00,2016-04-23 16:01:00,0.0,1.0
Mod810,0.120138888889,0.20625,0.0861111111111,2016-04-23 10:53:00,2016-04-23 12:57:00,0.0,1.0
Mod812,0.290277777778,0.327083333333,0.0368055555556,2016-04-23 14:58:00,2016-04-23 15:51:00,0.0,1.0
Mod814,0.00208333333333,0.00486111111111,0.00277777777778,2016-04-23 08:03:00,2016-04-23 08:07:00,0.0,1.0
Mod816,1.27916666667,1.30486111111,0.0256944444444,2016-04-24 14:42:00,2016-04-24 15:19:00,0.0,1.0
Mod818,0.0881944444444,0.158333333333,0.0701388888889,2016-04-23 10:07:00,2016-04-23 11:48:00,0.0,1.0
Mod820,0.0833333333333,0.09375,0.0104166666667,2016-04-23 10:00:00,2016-04-23 10:15:00,0.0,1.0
Mod822,0.0,0.0104166666667,0.0104166666667,2016-04-23 08:00:00,2016-04-23 08:15:00,0.0,1.0
Mod824,,,,,,,
Mod825,0.0423611111111,0.0548611111111,0.0125,2016-04-23 09:01:00,2016-04-23 09:19:00,0.0,1.0
Mod826,,,,,,,
Mod827,0.139583333333,0.557638888889,0.418055555556,2016-04-23 11:21:00,2016-04-23 21:23:00,0.0,1.0
Mod828,,,,,,1.0,0.0
Mod829,0.0,0.00763888888889,0.00763888888889,2016-04-23 08:00:00,2016-04-23 08:11:00,0.0,1.0
Mod830,0.04375,0.0618055555556,0.0180555555556,2016-04-23 09:03:00,2016-04-23 09:29:00,0.0,1.0
Mod831,,,,,,1.0,0.0
Mod832,1.10069444444,1.14097222222,0.0402777777778,2016-04-24 10:25:00,2016-04-24 11:23:00,0.0,1.0
Mod833,0.645138888889,0.705555555556,0.0604166666667,2016-04-23 23:29:00,2016-04-24 00:56:00,0.0,1.0
Mod834,,,,,,,
Mod835,,,,,,1.0,0.0
Mod836,5.09236111111,5.23263888889,0.140277777778,2016-04-28 10:13:00,2016-04-28 13:35:00,0.0,1.0
Mod837,,,,,,1.0,0.0
Mod838,5.23263888889,5.31041666667,0.0777777777778,2016-04-28 13:35:00,2016-04-28 15:27:00,0.0,1.0
Mod839,,,,,,1.0,0.0
Mod840,4.52708333333,4.75277777778,0.225694444444,2016-04-27 20:39:00,2016-04-28 02:04:00,0.0,1.0
Mod841,4.32361111111,4.52708333333,0.203472222222,2016-04-27 15:46:00,2016-04-27 20:39:00,0.0,1.0
Mod842,0.797916666667,0.827083333333,0.0291666666667,2016-04-24 03:09:00,2016-04-24 03:51:00,0.0,1.0
Mod843,0.881944444444,0.926388888889,0.0444444444444,2016-04-24 05:10:00,2016-04-24 06:14:00,0.0,1.0
Mod844,5.23263888889,5.24791666667,0.0152777777778,2016-04-28 13:35:00,2016-04-28 13:57:00,0.0,1.0
Mod845,,,,,,1.0,0.0
Mod846,,,,,,1.0,0.0
Mod847,,,,,,1.0,0.0
Mod848,4.33402777778,4.54305555556,0.209027777778,2016-04-27 16:01:00,2016-04-27 21:02:00,0.0,1.0
Mod850,4.60694444444,4.76805555556,0.161111111111,2016-04-27 22:34:00,2016-04-28 02:26:00,0.0,1.0
Mod851,,,,,,,
Mod852,,,,,,1.0,0.0
Mod853,0.215277777778,0.615277777778,0.4,2016-04-23 13:10:00,2016-04-23 22:46:00,0.0,1.0
Mod854,0.302777777778,0.702777777778,0.4,2016-04-23 15:16:00,2016-04-24 00:52:00,0.0,1.0
Mod855,,,,,,1.0,0.0
Mod856,,,,,,1.0,0.0
Mod857,,,,,,1.0,0.0
Mod858,0.164583333333,0.19375,0.0291666666667,2016-04-23 11:57:00,2016-04-23 12:39:00,0.0,1.0
Mod859,,,,,,1.0,0.0
Mod860,1.97916666667,2.13194444444,0.152777777778,2016-04-25 07:30:00,2016-04-25 11:10:00,0.0,1.0
Mod861,0.620138888889,0.776388888889,0.15625,2016-04-23 22:53:00,2016-04-24 02:38:00,0.0,1.0
Mod862,,,,,,1.0,0.0
Mod863,0.158333333333,0.181944444444,0.0236111111111,2016-04-23 11:48:00,2016-04-23 12:22:00,0.0,1.0
Mod865,0.7625,0.786111111111,0.0236111111111,2016-04-24 02:18:00,2016-04-24 02:52:00,0.0,1.0
Mod867,,,,,,,
Mod868,1.40833333333,1.45208333333,0.04375,2016-04-24 17:48:00,2016-04-24 18:51:00,0.0,1.0
Mod869,1.17083333333,1.21458333333,0.04375,2016-04-24 12:06:00,2016-04-24 13:09:00,0.0,1.0
Mod870,,,,,,1.0,0.0
Mod871,1.60277777778,1.66944444444,0.0666666666667,2016-04-24 22:28:00,2016-04-25 00:04:00,0.0,1.0
Mod872,1.43263888889,1.49930555556,0.0666666666667,2016-04-24 18:23:00,2016-04-24 19:59:00,0.0,1.0
Mod873,,,,,,1.0,0.0
Mod874,2.29652777778,2.41041666667,0.113888888889,2016-04-25 15:07:00,2016-04-25 17:51:00,0.0,1.0
Mod876,2.97916666667,3.08333333333,0.104166666667,2016-04-26 07:30:00,2016-04-26 10:00:00,0.0,1.0
Mod877,,,,,,1.0,0.0
Mod878,2.20763888889,2.39930555556,0.191666666667,2016-04-25 12:59:00,2016-04-25 17:35:00,0.0,1.0
Mod879,2.12986111111,2.32152777778,0.191666666667,2016-04-25 11:07:00,2016-04-25 15:43:00,0.0,1.0
Mod880,,,,,,,
Mod881,3.09722222222,3.15208333333,0.0548611111111,2016-04-26 10:20:00,2016-04-26 11:39:00,0.0,1.0
Mod882,3.04236111111,3.09722222222,0.0548611111111,2016-04-26 09:01:00,2016-04-26 10:20:00,0.0,1.0
Mod883,2.89583333333,2.93194444444,0.0361111111111,2016-04-26 05:30:00,2016-04-26 06:22:00,0.0,1.0
Mod885,,,,,,1.0,0.0
Mod886,1.22777777778,1.27916666667,0.0513888888889,2016-04-24 13:28:00,2016-04-24 14:42:00,0.0,1.0
Mod887,4.15138888889,4.20277777778,0.0513888888889,2016-04-27 11:38:00,2016-04-27 12:52:00,0.0,1.0
Mod888,3.54236111111,3.55486111111,0.0125,2016-04-26 21:01:00,2016-04-26 21:19:00,0.0,1.0
Mod889,3.41597222222,3.42847222222,0.0125,2016-04-26 17:59:00,2016-04-26 18:17:00,0.0,1.0
Mod890,,,,,,,
Mod891,3.43263888889,3.45694444444,0.0243055555556,2016-04-26 18:23:00,2016-04-26 18:58:00,0.0,1.0
Mod892,3.39166666667,3.41597222222,0.0243055555556,2016-04-26 17:24:00,2016-04-26 17:59:00,0.0,1.0
Mod893,,,,,,1.0,0.0
Mod894,2.8375,2.87916666667,0.0416666666667,2016-04-26 04:06:00,2016-04-26 05:06:00,0.0,1.0
Mod895,2.66875,2.71041666667,0.0416666666667,2016-04-26 00:03:00,2016-04-26 01:03:00,0.0,1.0
Mod896,,,,,,,
Mod897,4.1375,4.14375,0.00625,2016-04-27 11:18:00,2016-04-27 11:27:00,0.0,1.0
Mod898,4.13125,4.1375,0.00625,2016-04-27 11:09:00,2016-04-27 11:18:00,0.0,1.0
Mod899,,,,,,1.0,0.0
Mod900,,,,,,1.0,0.0
Mod901,,,,,,,
Mod902,,,,,,1.0,0.0
Mod903,,,,,,1.0,0.0
Mod904,,,,,,,
Mod905,2.68958333333,2.78819444444,0.0986111111111,2016-04-26 00:33:00,2016-04-26 02:55:00,0.0,1.0
Mod906,2.57013888889,2.66875,0.0986111111111,2016-04-25 21:41:00,2016-04-26 00:03:00,0.0,1.0
Mod907,,,,,,,
Mod908,3.37638888889,3.40972222222,0.0333333333333,2016-04-26 17:02:00,2016-04-26 17:50:00,0.0,1.0
Mod909,3.325,3.35833333333,0.0333333333333,2016-04-26 15:48:00,2016-04-26 16:36:00,0.0,1.0
Mod910,3.16805555556,3.19375,0.0256944444444,2016-04-26 12:02:00,2016-04-26 12:39:00,0.0,1.0
Mod911,4.06597222222,4.13125,0.0652777777778,2016-04-27 09:35:00,2016-04-27 11:09:00,0.0,1.0
Mod912,0.931944444444,0.932638888889,0.000694444444444,2016-04-24 06:22:00,2016-04-24 06:23:00,0.0,1.0
Mod913,1.87152777778,1.88402777778,0.0125,2016-04-25 04:55:00,2016-04-25 05:13:00,0.0,1.0
Mod914,,,,,,1.0,0.0
Mod915,0.710416666667,0.736111111111,0.0256944444444,2016-04-24 01:03:00,2016-04-24 01:40:00,0.0,1.0
Mod916,0.0,0.0125,0.0125,2016-04-23 08:00:00,2016-04-23 08:18:00,0.0,1.0
Mod918,4.22222222222,4.23472222222,0.0125,2016-04-27 13:20:00,2016-04-27 13:38:00,0.0,1.0
Mod919,1.64097222222,1.74513888889,0.104166666667,2016-04-24 23:23:00,2016-04-25 01:53:00,0.0,1.0
Mod920,1.47083333333,1.50347222222,0.0326388888889,2016-04-24 19:18:00,2016-04-24 20:05:00,0.0,1.0
Mod921,0.865972222222,0.9125,0.0465277777778,2016-04-24 04:47:00,2016-04-24 05:54:00,0.0,1.0
Mod922,1.02708333333,1.04652777778,0.0194444444444,2016-04-24 08:39:00,2016-04-24 09:07:00,0.0,1.0
Mod923,0.722222222222,0.863194444444,0.140972222222,2016-04-24 01:20:00,2016-04-24 04:43:00,0.0,1.0
Mod924,,,,,,1.0,0.0
Mod925,1.72083333333,1.73333333333,0.0125,2016-04-25 01:18:00,2016-04-25 01:36:00,0.0,1.0
Mod926,3.41597222222,3.44305555556,0.0270833333333,2016-04-26 17:59:00,2016-04-26 18:38:00,0.0,1.0
Mod928,1.45833333333,1.47083333333,0.0125,2016-04-24 19:00:00,2016-04-24 19:18:00,0.0,1.0
Mod929,2.78194444444,2.89027777778,0.108333333333,2016-04-26 02:46:00,2016-04-26 05:22:00,0.0,1.0
Mod930,,,,,,1.0,0.0
Mod931,4.13472222222,4.13541666667,0.000694444444444,2016-04-27 11:14:00,2016-04-27 11:15:00,0.0,1.0
Mod932,1.88402777778,1.89652777778,0.0125,2016-04-25 05:13:00,2016-04-25 05:31:00,0.0,1.0
Mod933,2.18819444444,2.20208333333,0.0138888888889,2016-04-25 12:31:00,2016-04-25 12:51:00,0.0,1.0
Mod934,0.0,0.00208333333333,0.00208333333333,2016-04-23 08:00:00,2016-04-23 08:03:00,0.0,1.0
Mod936,1.79027777778,1.83402777778,0.04375,2016-04-25 02:58:00,2016-04-25 04:01:00,0.0,1.0
Mod937,0.502777777778,0.654861111111,0.152083333333,2016-04-23 20:04:00,2016-04-23 23:43:00,0.0,1.0
Mod938,1.23402777778,1.29513888889,0.0611111111111,2016-04-24 13:37:00,2016-04-24 15:05:00,0.0,1.0
Mod939,,,,,,1.0,0.0
Mod940,2.37430555556,2.57013888889,0.195833333333,2016-04-25 16:59:00,2016-04-25 21:41:00,0.0,1.0
Mod941,0.433333333333,0.445833333333,0.0125,2016-04-23 18:24:00,2016-04-23 18:42:00,0.0,1.0
Mod942,0.225,0.245833333333,0.0208333333333,2016-04-23 13:24:00,2016-04-23 13:54:00,0.0,1.0
Mod943,0.986111111111,1.02708333333,0.0409722222222,2016-04-24 07:40:00,2016-04-24 08:39:00,0.0,1.0
Mod945,2.37638888889,2.45416666667,0.0777777777778,2016-04-25 17:02:00,2016-04-25 18:54:00,0.0,1.0
Mod946,0.64375,0.721527777778,0.0777777777778,2016-04-23 23:27:00,2016-04-24 01:19:00,0.0,1.0
Mod947,1.09166666667,1.16944444444,0.0777777777778,2016-04-24 10:12:00,2016-04-24 12:04:00,0.0,1.0
Mod948,,,,,,1.0,0.0
Mod949,,,,,,,
Mod950,0.438194444444,0.559027777778,0.120833333333,2016-04-23 18:31:00,2016-04-23 21:25:00,0.0,1.0
Mod951,0.691666666667,0.706944444444,0.0152777777778,2016-04-24 00:36:00,2016-04-24 00:58:00,0.0,1.0
Mod952,,,,,,,
Mod953,0.555555555556,0.676388888889,0.120833333333,2016-04-23 21:20:00,2016-04-24 00:14:00,0.0,1.0
Mod954,0.676388888889,0.691666666667,0.0152777777778,2016-04-24 00:14:00,2016-04-24 00:36:00,0.0,1.0
Mod955,,,,,,1.0,0.0
Mod956,0.754166666667,0.865972222222,0.111805555556,2016-04-24 02:06:00,2016-04-24 04:47:00,0.0,1.0
Mod957,,,,,,1.0,0.0
