T1690,1.825,1.83263888889,0.00763888888889,2016-04-25 03:48:00,2016-04-25 03:59:00,0,1
T1692,1.79027777778,1.825,0.0347222222222,2016-04-25 02:58:00,2016-04-25 03:48:00,0,1
T1694,1.83263888889,1.83402777778,0.00138888888889,2016-04-25 03:59:00,2016-04-25 04:01:00,0,1
T1695,0.776388888889,0.781944444444,0.00555555555556,2016-04-24 02:38:00,2016-04-24 02:46:00,0,1
T1696,0.781944444444,0.786111111111,0.00416666666667,2016-04-24 02:46:00,2016-04-24 02:52:00,0,1
T1697,1.76875,1.76875,0.0,2016-04-25 02:27:00,2016-04-25 02:27:00,0,1
T1698,1.71041666667,1.76875,0.0583333333333,2016-04-25 01:03:00,2016-04-25 02:27:00,0,1
T1699,2.55694444444,2.5625,0.00555555555556,2016-04-25 21:22:00,2016-04-25 21:30:00,0,1
T1700,2.37430555556,2.55694444444,0.182638888889,2016-04-25 16:59:00,2016-04-25 21:22:00,0,1
T1701,2.5625,2.57013888889,0.00763888888889,2016-04-25 21:30:00,2016-04-25 21:41:00,0,1
T1702,1.30486111111,1.30694444444,0.00208333333333,2016-04-24 15:19:00,2016-04-24 15:22:00,0,1
T1703,2.56111111111,2.65347222222,0.0923611111111,2016-04-25 21:28:00,2016-04-25 23:41:00,0,1
T1705,1.62291666667,1.72986111111,0.106944444444,2016-04-24 22:57:00,2016-04-25 01:31:00,0,1
T1707,1.17083333333,1.19513888889,0.0243055555556,2016-04-24 12:06:00,2016-04-24 12:41:00,0,1
T1708,1.20694444444,1.21458333333,0.00763888888889,2016-04-24 12:58:00,2016-04-24 13:09:00,0,1
T1709,1.19513888889,1.20694444444,0.0118055555556,2016-04-24 12:41:00,2016-04-24 12:58:00,0,1
T1710,0.0979166666667,0.115972222222,0.0180555555556,2016-04-23 10:21:00,2016-04-23 10:47:00,0,1
T1711,0.520833333333,0.538888888889,0.0180555555556,2016-04-23 20:30:00,2016-04-23 20:56:00,0,1
T1712,5.23263888889,5.24791666667,0.0152777777778,2016-04-28 13:35:00,2016-04-28 13:57:00,0,1
T1713,0.676388888889,0.691666666667,0.0152777777778,2016-04-24 00:14:00,2016-04-24 00:36:00,0,1
T1714,0.979166666667,1.0,0.0208333333333,2016-04-24 07:30:00,2016-04-24 08:00:00,0,1
T1717,0.128472222222,0.134722222222,0.00625,2016-04-23 11:05:00,2016-04-23 11:14:00,0,1
T1718,0.0145833333333,0.0326388888889,0.0180555555556,2016-04-23 08:21:00,2016-04-23 08:47:00,0,1
T1719,0.00555555555556,0.0145833333333,0.00902777777778,2016-04-23 08:08:00,2016-04-23 08:21:00,0,1
T1720,0.302777777778,0.355555555556,0.0527777777778,2016-04-23 15:16:00,2016-04-23 16:32:00,0,1
T1721,2.87430555556,2.88611111111,0.0118055555556,2016-04-26 04:59:00,2016-04-26 05:16:00,0,1
T1722,2.78194444444,2.87430555556,0.0923611111111,2016-04-26 02:46:00,2016-04-26 04:59:00,0,1
T1723,2.88611111111,2.89027777778,0.00416666666667,2016-04-26 05:16:00,2016-04-26 05:22:00,0,1
T1724,0.138194444444,0.164583333333,0.0263888888889,2016-04-23 11:19:00,2016-04-23 11:57:00,0,1
T1725,1.52291666667,1.62291666667,0.1,2016-04-24 20:33:00,2016-04-24 22:57:00,0,1
T1726,1.49236111111,1.52291666667,0.0305555555556,2016-04-24 19:49:00,2016-04-24 20:33:00,0,1
T1727,4.22222222222,4.33402777778,0.111805555556,2016-04-27 13:20:00,2016-04-27 16:01:00,0,1
T1728,4.33402777778,4.33402777778,0.0,2016-04-27 16:01:00,2016-04-27 16:01:00,0,1
T1729,1.43263888889,1.46597222222,0.0333333333333,2016-04-24 18:23:00,2016-04-24 19:11:00,0,1
T1730,1.04166666667,1.06736111111,0.0256944444444,2016-04-24 09:00:00,2016-04-24 09:37:00,0,1
T1732,0.0,0.00625,0.00625,2016-04-23 08:00:00,2016-04-23 08:09:00,0,1
T1733,1.97916666667,2.09027777778,0.111111111111,2016-04-25 07:30:00,2016-04-25 10:10:00,0,1
T1734,1.23402777778,1.29513888889,0.0611111111111,2016-04-24 13:37:00,2016-04-24 15:05:00,0,1
T1735,4.30833333333,4.31736111111,0.00902777777778,2016-04-27 15:24:00,2016-04-27 15:37:00,0,1
T1736,4.23472222222,4.30833333333,0.0736111111111,2016-04-27 13:38:00,2016-04-27 15:24:00,0,1
T1737,0.645833333333,0.760416666667,0.114583333333,2016-04-23 23:30:00,2016-04-24 02:15:00,0,1
T1738,0.201388888889,0.213888888889,0.0125,2016-04-23 12:50:00,2016-04-23 13:08:00,0,1
T1739,0.903472222222,0.929166666667,0.0256944444444,2016-04-24 05:41:00,2016-04-24 06:18:00,0,1
T1740,0.457638888889,0.480555555556,0.0229166666667,2016-04-23 18:59:00,2016-04-23 19:32:00,0,1
T1741,0.5375,0.584027777778,0.0465277777778,2016-04-23 20:54:00,2016-04-23 22:01:00,0,1
T1742,,,,,,1,0
T1743,,,,,,1,0
T1744,4.52708333333,4.75277777778,0.225694444444,2016-04-27 20:39:00,2016-04-28 02:04:00,0,1
T1745,0.0833333333333,0.0993055555556,0.0159722222222,2016-04-23 10:00:00,2016-04-23 10:23:00,0,1
T1746,0.0,0.00555555555556,0.00555555555556,2016-04-23 08:00:00,2016-04-23 08:08:00,0,1
T1747,0.00555555555556,0.0833333333333,0.0777777777778,2016-04-23 08:08:00,2016-04-23 10:00:00,0,1
T1749,0.136805555556,0.167361111111,0.0305555555556,2016-04-23 11:17:00,2016-04-23 12:01:00,0,1
T1750,2.25694444444,2.41944444444,0.1625,2016-04-25 14:10:00,2016-04-25 18:04:00,0,1
T1751,1.72430555556,1.74375,0.0194444444444,2016-04-25 01:23:00,2016-04-25 01:51:00,0,1
T1752,1.74375,1.76666666667,0.0229166666667,2016-04-25 01:51:00,2016-04-25 02:24:00,0,1
T1753,0.0215277777778,0.0368055555556,0.0152777777778,2016-04-23 08:31:00,2016-04-23 08:53:00,0,1
T1754,0.0423611111111,0.0479166666667,0.00555555555556,2016-04-23 09:01:00,2016-04-23 09:09:00,0,1
T1755,0.0368055555556,0.0423611111111,0.00555555555556,2016-04-23 08:53:00,2016-04-23 09:01:00,0,1
T1756,1.71319444444,1.78055555556,0.0673611111111,2016-04-25 01:07:00,2016-04-25 02:44:00,0,1
T1757,2.37638888889,2.45416666667,0.0777777777778,2016-04-25 17:02:00,2016-04-25 18:54:00,0,1
T1758,2.45416666667,2.45416666667,0.0,2016-04-25 18:54:00,2016-04-25 18:54:00,0,1
T1759,2.09027777778,2.25694444444,0.166666666667,2016-04-25 10:10:00,2016-04-25 14:10:00,0,1
T1760,0.422916666667,0.422916666667,0.0,2016-04-23 18:09:00,2016-04-23 18:09:00,0,1
T1761,0.384027777778,0.422916666667,0.0388888888889,2016-04-23 17:13:00,2016-04-23 18:09:00,0,1
T1762,0.0340277777778,0.0604166666667,0.0263888888889,2016-04-23 08:49:00,2016-04-23 09:27:00,0,1
T1763,4.59444444444,4.64861111111,0.0541666666667,2016-04-27 22:16:00,2016-04-27 23:34:00,0,1
T1764,4.54305555556,4.59444444444,0.0513888888889,2016-04-27 21:02:00,2016-04-27 22:16:00,0,1
T1765,0.595138888889,0.597222222222,0.00208333333333,2016-04-23 22:17:00,2016-04-23 22:20:00,0,1
T1766,0.521527777778,0.545833333333,0.0243055555556,2016-04-23 20:31:00,2016-04-23 21:06:00,0,1
T1767,0.545833333333,0.595138888889,0.0493055555556,2016-04-23 21:06:00,2016-04-23 22:17:00,0,1
T1768,2.65347222222,2.67430555556,0.0208333333333,2016-04-25 23:41:00,2016-04-26 00:11:00,0,1
T1769,4.03541666667,4.05486111111,0.0194444444444,2016-04-27 08:51:00,2016-04-27 09:19:00,0,1
T1770,4.05486111111,4.05486111111,0.0,2016-04-27 09:19:00,2016-04-27 09:19:00,0,1
T1771,0.822916666667,0.8375,0.0145833333333,2016-04-24 03:45:00,2016-04-24 04:06:00,0,1
T1772,0.91875,0.91875,0.0,2016-04-24 06:03:00,2016-04-24 06:03:00,0,1
T1773,0.91875,0.921527777778,0.00277777777778,2016-04-24 06:03:00,2016-04-24 06:07:00,0,1
T1774,0.9125,0.91875,0.00625,2016-04-24 05:54:00,2016-04-24 06:03:00,0,1
T1775,0.8375,0.898611111111,0.0611111111111,2016-04-24 04:06:00,2016-04-24 05:34:00,0,1
T1776,0.819444444444,0.8375,0.0180555555556,2016-04-24 03:40:00,2016-04-24 04:06:00,0,1
T1777,0.898611111111,0.925694444444,0.0270833333333,2016-04-24 05:34:00,2016-04-24 06:13:00,0,1
T1778,0.760416666667,0.804861111111,0.0444444444444,2016-04-24 02:15:00,2016-04-24 03:19:00,0,1
T1779,0.28125,0.333333333333,0.0520833333333,2016-04-23 14:45:00,2016-04-23 16:00:00,0,1
T1780,3.04236111111,3.05,0.00763888888889,2016-04-26 09:01:00,2016-04-26 09:12:00,0,1
T1781,2.97916666667,3.01180555556,0.0326388888889,2016-04-26 07:30:00,2016-04-26 08:17:00,0,1
T1782,3.01180555556,3.04236111111,0.0305555555556,2016-04-26 08:17:00,2016-04-26 09:01:00,0,1
T1783,3.05,3.08333333333,0.0333333333333,2016-04-26 09:12:00,2016-04-26 10:00:00,0,1
T1785,1.49166666667,1.575,0.0833333333333,2016-04-24 19:48:00,2016-04-24 21:48:00,0,1
T1786,0.666666666667,0.697916666667,0.03125,2016-04-24 00:00:00,2016-04-24 00:45:00,0,1
T1788,0.73125,0.7375,0.00625,2016-04-24 01:33:00,2016-04-24 01:42:00,0,1
T1789,0.0,0.0125,0.0125,2016-04-23 08:00:00,2016-04-23 08:18:00,0,1
T1790,1.01041666667,1.04305555556,0.0326388888889,2016-04-24 08:15:00,2016-04-24 09:02:00,0,1
T1791,1.04930555556,1.05486111111,0.00555555555556,2016-04-24 09:11:00,2016-04-24 09:19:00,0,1
T1792,1.04305555556,1.04930555556,0.00625,2016-04-24 09:02:00,2016-04-24 09:11:00,0,1
T1793,1.30694444444,1.30694444444,0.0,2016-04-24 15:22:00,2016-04-24 15:22:00,0,1
T1794,1.24722222222,1.30694444444,0.0597222222222,2016-04-24 13:56:00,2016-04-24 15:22:00,0,1
T1795,1.16944444444,1.24722222222,0.0777777777778,2016-04-24 12:04:00,2016-04-24 13:56:00,0,1
T1796,0.522916666667,0.575,0.0520833333333,2016-04-23 20:33:00,2016-04-23 21:48:00,0,1
T1797,0.575,0.584027777778,0.00902777777778,2016-04-23 21:48:00,2016-04-23 22:01:00,0,1
T1798,2.8375,2.87916666667,0.0416666666667,2016-04-26 04:06:00,2016-04-26 05:06:00,0,1
T1799,4.13888888889,4.32361111111,0.184722222222,2016-04-27 11:20:00,2016-04-27 15:46:00,0,1
T1800,5.025,5.04305555556,0.0180555555556,2016-04-28 08:36:00,2016-04-28 09:02:00,0,1
T1801,2.8375,2.85,0.0125,2016-04-26 04:06:00,2016-04-26 04:24:00,0,1
T1803,2.88819444444,2.89444444444,0.00625,2016-04-26 05:19:00,2016-04-26 05:28:00,0,1
T1804,2.90069444444,2.91319444444,0.0125,2016-04-26 05:37:00,2016-04-26 05:55:00,0,1
T1805,2.8625,2.88819444444,0.0256944444444,2016-04-26 04:42:00,2016-04-26 05:19:00,0,1
T1806,2.89444444444,2.90069444444,0.00625,2016-04-26 05:28:00,2016-04-26 05:37:00,0,1
T1807,2.85,2.8625,0.0125,2016-04-26 04:24:00,2016-04-26 04:42:00,0,1
T1808,1.45833333333,1.50208333333,0.04375,2016-04-24 19:00:00,2016-04-24 20:03:00,0,1
T1809,1.50208333333,1.5375,0.0354166666667,2016-04-24 20:03:00,2016-04-24 20:54:00,0,1
T1810,1.49375,1.50902777778,0.0152777777778,2016-04-24 19:51:00,2016-04-24 20:13:00,0,1
T1811,0.984722222222,1.03263888889,0.0479166666667,2016-04-24 07:38:00,2016-04-24 08:47:00,0,1
T1812,1.07569444444,1.49375,0.418055555556,2016-04-24 09:49:00,2016-04-24 19:51:00,0,1
T1813,1.03263888889,1.07569444444,0.0430555555556,2016-04-24 08:47:00,2016-04-24 09:49:00,0,1
T1814,0.979166666667,0.984722222222,0.00555555555556,2016-04-24 07:30:00,2016-04-24 07:38:00,0,1
T1815,3.3375,3.38333333333,0.0458333333333,2016-04-26 16:06:00,2016-04-26 17:12:00,0,1
T1816,2.64166666667,2.90069444444,0.259027777778,2016-04-25 23:24:00,2016-04-26 05:37:00,0,1
T1817,2.83472222222,3.10833333333,0.273611111111,2016-04-26 04:02:00,2016-04-26 10:36:00,0,1
T1818,0.5375,0.559027777778,0.0215277777778,2016-04-23 20:54:00,2016-04-23 21:25:00,0,1
T1819,0.521527777778,0.5375,0.0159722222222,2016-04-23 20:31:00,2016-04-23 20:54:00,0,1
T1820,0.438194444444,0.521527777778,0.0833333333333,2016-04-23 18:31:00,2016-04-23 20:31:00,0,1
T1821,2.54861111111,2.56111111111,0.0125,2016-04-25 21:10:00,2016-04-25 21:28:00,0,1
T1823,0.113194444444,0.152083333333,0.0388888888889,2016-04-23 10:43:00,2016-04-23 11:39:00,0,1
T1824,0.579166666667,0.588888888889,0.00972222222222,2016-04-23 21:54:00,2016-04-23 22:08:00,0,1
T1825,1.0625,1.07569444444,0.0131944444444,2016-04-24 09:30:00,2016-04-24 09:49:00,0,1
T1826,1.07569444444,1.07569444444,0.0,2016-04-24 09:49:00,2016-04-24 09:49:00,0,1
T1827,1.07569444444,1.07847222222,0.00277777777778,2016-04-24 09:49:00,2016-04-24 09:53:00,0,1
T1828,3.18333333333,3.37638888889,0.193055555556,2016-04-26 12:24:00,2016-04-26 17:02:00,0,1
T1829,3.37638888889,3.37638888889,0.0,2016-04-26 17:02:00,2016-04-26 17:02:00,0,1
T1830,3.39166666667,3.41597222222,0.0243055555556,2016-04-26 17:24:00,2016-04-26 17:59:00,0,1
T1831,1.04791666667,1.08680555556,0.0388888888889,2016-04-24 09:09:00,2016-04-24 10:05:00,0,1
T1832,1.52222222222,1.54305555556,0.0208333333333,2016-04-24 20:32:00,2016-04-24 21:02:00,0,1
T1833,1.50347222222,1.52222222222,0.01875,2016-04-24 20:05:00,2016-04-24 20:32:00,0,1
T1834,1.54305555556,1.56111111111,0.0180555555556,2016-04-24 21:02:00,2016-04-24 21:28:00,0,1
T1835,1.88402777778,1.89652777778,0.0125,2016-04-25 05:13:00,2016-04-25 05:31:00,0,1
T1836,1.72430555556,1.72777777778,0.00347222222222,2016-04-25 01:23:00,2016-04-25 01:28:00,0,1
T1837,2.97916666667,2.99513888889,0.0159722222222,2016-04-26 07:30:00,2016-04-26 07:53:00,0,1
T1838,0.26875,0.391666666667,0.122916666667,2016-04-23 14:27:00,2016-04-23 17:24:00,0,1
T1839,1.45833333333,1.47083333333,0.0125,2016-04-24 19:00:00,2016-04-24 19:18:00,0,1
T1840,2.13263888889,2.18819444444,0.0555555555556,2016-04-25 11:11:00,2016-04-25 12:31:00,0,1
T1841,2.09236111111,2.13263888889,0.0402777777778,2016-04-25 10:13:00,2016-04-25 11:11:00,0,1
T1842,3.01180555556,3.16805555556,0.15625,2016-04-26 08:17:00,2016-04-26 12:02:00,0,1
T1843,0.190972222222,0.217361111111,0.0263888888889,2016-04-23 12:35:00,2016-04-23 13:13:00,0,1
T1844,0.702777777778,0.710416666667,0.00763888888889,2016-04-24 00:52:00,2016-04-24 01:03:00,0,1
T1845,0.765277777778,0.779861111111,0.0145833333333,2016-04-24 02:22:00,2016-04-24 02:43:00,0,1
T1846,3.81041666667,3.87708333333,0.0666666666667,2016-04-27 03:27:00,2016-04-27 05:03:00,0,1
T1847,1.09166666667,1.15416666667,0.0625,2016-04-24 10:12:00,2016-04-24 11:42:00,0,1
T1848,4.31736111111,4.44861111111,0.13125,2016-04-27 15:37:00,2016-04-27 18:46:00,0,1
T1849,1.84791666667,1.91527777778,0.0673611111111,2016-04-25 04:21:00,2016-04-25 05:58:00,0,1
T1850,4.22222222222,4.23472222222,0.0125,2016-04-27 13:20:00,2016-04-27 13:38:00,0,1
T1851,3.19375,3.19375,0.0,2016-04-26 12:39:00,2016-04-26 12:39:00,0,1
T1852,3.16805555556,3.19375,0.0256944444444,2016-04-26 12:02:00,2016-04-26 12:39:00,0,1
T1853,1.66180555556,1.74305555556,0.08125,2016-04-24 23:53:00,2016-04-25 01:50:00,0,1
T1854,1.47083333333,1.50347222222,0.0326388888889,2016-04-24 19:18:00,2016-04-24 20:05:00,0,1
T1855,0.931944444444,0.932638888889,0.000694444444444,2016-04-24 06:22:00,2016-04-24 06:23:00,0,1
T1856,0.932638888889,0.932638888889,0.0,2016-04-24 06:23:00,2016-04-24 06:23:00,0,1
T1857,1.55833333333,1.66180555556,0.103472222222,2016-04-24 21:24:00,2016-04-24 23:53:00,0,1
T1859,0.7375,0.751388888889,0.0138888888889,2016-04-24 01:42:00,2016-04-24 02:02:00,0,1
T1860,1.75416666667,1.7625,0.00833333333333,2016-04-25 02:06:00,2016-04-25 02:18:00,0,1
T1861,0.990277777778,1.05486111111,0.0645833333333,2016-04-24 07:46:00,2016-04-24 09:19:00,0,1
T1862,0.73125,0.780555555556,0.0493055555556,2016-04-24 01:33:00,2016-04-24 02:44:00,0,1
T1863,3.54236111111,3.54236111111,0.0,2016-04-26 21:01:00,2016-04-26 21:01:00,0,1
T1864,3.48958333333,3.54236111111,0.0527777777778,2016-04-26 19:45:00,2016-04-26 21:01:00,0,1
T1865,1.59444444444,1.59444444444,0.0,2016-04-24 22:16:00,2016-04-24 22:16:00,0,1
T1866,5.37569444444,5.43125,0.0555555555556,2016-04-28 17:01:00,2016-04-28 18:21:00,0,1
T1867,0.213888888889,0.239583333333,0.0256944444444,2016-04-23 13:08:00,2016-04-23 13:45:00,0,1
T1868,0.4375,0.494444444444,0.0569444444444,2016-04-23 18:30:00,2016-04-23 19:52:00,0,1
T1869,1.01944444444,1.04166666667,0.0222222222222,2016-04-24 08:28:00,2016-04-24 09:00:00,0,1
T1870,3.97916666667,4.00972222222,0.0305555555556,2016-04-27 07:30:00,2016-04-27 08:14:00,0,1
T1871,4.06597222222,4.07361111111,0.00763888888889,2016-04-27 09:35:00,2016-04-27 09:46:00,0,1
T1872,4.01736111111,4.06319444444,0.0458333333333,2016-04-27 08:25:00,2016-04-27 09:31:00,0,1
T1873,4.06319444444,4.06597222222,0.00277777777778,2016-04-27 09:31:00,2016-04-27 09:35:00,0,1
T1874,4.13472222222,4.13888888889,0.00416666666667,2016-04-27 11:14:00,2016-04-27 11:20:00,0,1
T1875,4.11944444444,4.13472222222,0.0152777777778,2016-04-27 10:52:00,2016-04-27 11:14:00,0,1
T1876,4.07361111111,4.11944444444,0.0458333333333,2016-04-27 09:46:00,2016-04-27 10:52:00,0,1
T1877,4.00972222222,4.01736111111,0.00763888888889,2016-04-27 08:14:00,2016-04-27 08:25:00,0,1
T1878,1.22777777778,1.27916666667,0.0513888888889,2016-04-24 13:28:00,2016-04-24 14:42:00,0,1
T1879,1.06736111111,1.10069444444,0.0333333333333,2016-04-24 09:37:00,2016-04-24 10:25:00,0,1
T1880,1.34791666667,1.35347222222,0.00555555555556,2016-04-24 16:21:00,2016-04-24 16:29:00,0,1
T1881,0.994444444444,1.01736111111,0.0229166666667,2016-04-24 07:52:00,2016-04-24 08:25:00,0,1
T1882,0.391666666667,0.397222222222,0.00555555555556,2016-04-23 17:24:00,2016-04-23 17:32:00,0,1
T1883,1.27013888889,1.28819444444,0.0180555555556,2016-04-24 14:29:00,2016-04-24 14:55:00,0,1
T1884,1.15,1.15763888889,0.00763888888889,2016-04-24 11:36:00,2016-04-24 11:47:00,0,1
T1885,1.09930555556,1.15,0.0506944444444,2016-04-24 10:23:00,2016-04-24 11:36:00,0,1
T1886,4.22222222222,4.25277777778,0.0305555555556,2016-04-27 13:20:00,2016-04-27 14:04:00,0,1
T1887,4.13125,4.22222222222,0.0909722222222,2016-04-27 11:09:00,2016-04-27 13:20:00,0,1
T1888,0.781944444444,0.8375,0.0555555555556,2016-04-24 02:46:00,2016-04-24 04:06:00,0,1
T1889,0.721527777778,0.781944444444,0.0604166666667,2016-04-24 01:19:00,2016-04-24 02:46:00,0,1
T1890,1.89652777778,1.92638888889,0.0298611111111,2016-04-25 05:31:00,2016-04-25 06:14:00,0,1
T1891,1.54305555556,1.55416666667,0.0111111111111,2016-04-24 21:02:00,2016-04-24 21:18:00,0,1
T1892,1.55416666667,1.55625,0.00208333333333,2016-04-24 21:18:00,2016-04-24 21:21:00,0,1
T1893,0.225,0.245833333333,0.0208333333333,2016-04-23 13:24:00,2016-04-23 13:54:00,0,1
T1894,4.32361111111,4.52708333333,0.203472222222,2016-04-27 15:46:00,2016-04-27 20:39:00,0,1
T1895,5.23263888889,5.31041666667,0.0777777777778,2016-04-28 13:35:00,2016-04-28 15:27:00,0,1
T1896,5.31041666667,5.31041666667,0.0,2016-04-28 15:27:00,2016-04-28 15:27:00,0,1
T1897,0.302777777778,0.702777777778,0.4,2016-04-23 15:16:00,2016-04-24 00:52:00,0,1
T1898,1.02708333333,1.04652777778,0.0194444444444,2016-04-24 08:39:00,2016-04-24 09:07:00,0,1
T1899,1.72986111111,1.80347222222,0.0736111111111,2016-04-25 01:31:00,2016-04-25 03:17:00,0,1
T1900,0.9125,0.933333333333,0.0208333333333,2016-04-24 05:54:00,2016-04-24 06:24:00,0,1
T1901,0.355555555556,0.383333333333,0.0277777777778,2016-04-23 16:32:00,2016-04-23 17:12:00,0,1
T1902,4.76597222222,5.025,0.259027777778,2016-04-28 02:23:00,2016-04-28 08:36:00,0,1
T1903,4.75277777778,4.76597222222,0.0131944444444,2016-04-28 02:04:00,2016-04-28 02:23:00,0,1
T1904,0.8375,0.848611111111,0.0111111111111,2016-04-24 04:06:00,2016-04-24 04:22:00,0,1
T1905,0.69375,0.705555555556,0.0118055555556,2016-04-24 00:39:00,2016-04-24 00:56:00,0,1
T1906,0.645138888889,0.69375,0.0486111111111,2016-04-23 23:29:00,2016-04-24 00:39:00,0,1
T1907,1.87152777778,1.87986111111,0.00833333333333,2016-04-25 04:55:00,2016-04-25 05:07:00,0,1
T1908,1.73333333333,1.75416666667,0.0208333333333,2016-04-25 01:36:00,2016-04-25 02:06:00,0,1
T1909,5.37569444444,5.37569444444,0.0,2016-04-28 17:01:00,2016-04-28 17:01:00,0,1
T1910,5.31041666667,5.37569444444,0.0652777777778,2016-04-28 15:27:00,2016-04-28 17:01:00,0,1
T1911,2.12986111111,2.20763888889,0.0777777777778,2016-04-25 11:07:00,2016-04-25 12:59:00,0,1
T1912,2.09097222222,2.12986111111,0.0388888888889,2016-04-25 10:11:00,2016-04-25 11:07:00,0,1
T1913,1.01180555556,1.02708333333,0.0152777777778,2016-04-24 08:17:00,2016-04-24 08:39:00,0,1
T1915,0.00625,0.0215277777778,0.0152777777778,2016-04-23 08:09:00,2016-04-23 08:31:00,0,1
T1916,0.139583333333,0.520833333333,0.38125,2016-04-23 11:21:00,2016-04-23 20:30:00,0,1
T1917,0.520833333333,0.557638888889,0.0368055555556,2016-04-23 20:30:00,2016-04-23 21:23:00,0,1
T1918,1.62777777778,1.63541666667,0.00763888888889,2016-04-24 23:04:00,2016-04-24 23:15:00,0,1
T1919,0.811805555556,0.822916666667,0.0111111111111,2016-04-24 03:29:00,2016-04-24 03:45:00,0,1
T1920,3.26180555556,3.27708333333,0.0152777777778,2016-04-26 14:17:00,2016-04-26 14:39:00,0,1
T1921,0.997222222222,1.01944444444,0.0222222222222,2016-04-24 07:56:00,2016-04-24 08:28:00,0,1
T1922,0.0548611111111,0.0604166666667,0.00555555555556,2016-04-23 09:19:00,2016-04-23 09:27:00,0,1
T1923,0.138194444444,0.154166666667,0.0159722222222,2016-04-23 11:19:00,2016-04-23 11:42:00,0,1
T1924,0.154166666667,0.171527777778,0.0173611111111,2016-04-23 11:42:00,2016-04-23 12:07:00,0,1
T1925,0.0604166666667,0.138194444444,0.0777777777778,2016-04-23 09:27:00,2016-04-23 11:19:00,0,1
T1926,0.579166666667,0.646527777778,0.0673611111111,2016-04-23 21:54:00,2016-04-23 23:31:00,0,1
T1927,0.502777777778,0.527083333333,0.0243055555556,2016-04-23 20:04:00,2016-04-23 20:39:00,0,1
T1928,0.646527777778,0.652083333333,0.00555555555556,2016-04-23 23:31:00,2016-04-23 23:39:00,0,1
T1929,0.527083333333,0.579166666667,0.0520833333333,2016-04-23 20:39:00,2016-04-23 21:54:00,0,1
T1930,0.652083333333,0.654861111111,0.00277777777778,2016-04-23 23:39:00,2016-04-23 23:43:00,0,1
T1931,1.64097222222,1.74513888889,0.104166666667,2016-04-24 23:23:00,2016-04-25 01:53:00,0,1
T1932,1.09652777778,1.11944444444,0.0229166666667,2016-04-24 10:19:00,2016-04-24 10:52:00,0,1
T1933,1.35486111111,1.43263888889,0.0777777777778,2016-04-24 16:31:00,2016-04-24 18:23:00,0,1
T1934,3.43263888889,3.45694444444,0.0243055555556,2016-04-26 18:23:00,2016-04-26 18:58:00,0,1
T1935,3.09722222222,3.15208333333,0.0548611111111,2016-04-26 10:20:00,2016-04-26 11:39:00,0,1
T1936,0.865972222222,0.9125,0.0465277777778,2016-04-24 04:47:00,2016-04-24 05:54:00,0,1
T1937,1.60138888889,1.61319444444,0.0118055555556,2016-04-24 22:26:00,2016-04-24 22:43:00,0,1
T1938,1.56875,1.60138888889,0.0326388888889,2016-04-24 21:39:00,2016-04-24 22:26:00,0,1
T1939,0.0548611111111,0.0673611111111,0.0125,2016-04-23 09:19:00,2016-04-23 09:37:00,0,1
T1940,4.64861111111,4.77986111111,0.13125,2016-04-27 23:34:00,2016-04-28 02:43:00,0,1
T1941,2.65972222222,2.66875,0.00902777777778,2016-04-25 23:50:00,2016-04-26 00:03:00,0,1
T1942,2.63541666667,2.65972222222,0.0243055555556,2016-04-25 23:15:00,2016-04-25 23:50:00,0,1
T1943,2.57013888889,2.63541666667,0.0652777777778,2016-04-25 21:41:00,2016-04-25 23:15:00,0,1
T1944,1.59444444444,1.62777777778,0.0333333333333,2016-04-24 22:16:00,2016-04-24 23:04:00,0,1
T1945,5.24375,5.28680555556,0.0430555555556,2016-04-28 13:51:00,2016-04-28 14:53:00,0,1
T1946,5.08611111111,5.24375,0.157638888889,2016-04-28 10:04:00,2016-04-28 13:51:00,0,1
T1947,0.0,0.0118055555556,0.0118055555556,2016-04-23 08:00:00,2016-04-23 08:17:00,0,1
T1949,0.686111111111,0.722222222222,0.0361111111111,2016-04-24 00:28:00,2016-04-24 01:20:00,0,1
T1950,0.747916666667,0.754166666667,0.00625,2016-04-24 01:57:00,2016-04-24 02:06:00,0,1
T1951,0.779861111111,0.797916666667,0.0180555555556,2016-04-24 02:43:00,2016-04-24 03:09:00,0,1
T1952,0.654166666667,0.765277777778,0.111111111111,2016-04-23 23:42:00,2016-04-24 02:22:00,0,1
T1953,1.41944444444,1.52291666667,0.103472222222,2016-04-24 18:04:00,2016-04-24 20:33:00,0,1
T1954,0.646527777778,0.666666666667,0.0201388888889,2016-04-23 23:31:00,2016-04-24 00:00:00,0,1
T1955,0.666666666667,0.686111111111,0.0194444444444,2016-04-24 00:00:00,2016-04-24 00:28:00,0,1
T1956,2.66875,2.71041666667,0.0416666666667,2016-04-26 00:03:00,2016-04-26 01:03:00,0,1
T1957,0.804861111111,0.811805555556,0.00694444444444,2016-04-24 03:19:00,2016-04-24 03:29:00,0,1
T1958,1.65902777778,1.66944444444,0.0104166666667,2016-04-24 23:49:00,2016-04-25 00:04:00,0,1
T1959,1.62847222222,1.65902777778,0.0305555555556,2016-04-24 23:05:00,2016-04-24 23:49:00,0,1
T1960,1.60277777778,1.62847222222,0.0256944444444,2016-04-24 22:28:00,2016-04-24 23:05:00,0,1
T1961,2.75486111111,2.77916666667,0.0243055555556,2016-04-26 02:07:00,2016-04-26 02:42:00,0,1
T1962,2.68958333333,2.75486111111,0.0652777777778,2016-04-26 00:33:00,2016-04-26 02:07:00,0,1
T1963,2.77916666667,2.78819444444,0.00902777777778,2016-04-26 02:42:00,2016-04-26 02:55:00,0,1
T1964,0.489583333333,0.509722222222,0.0201388888889,2016-04-23 19:45:00,2016-04-23 20:14:00,0,1
T1965,0.509722222222,0.517361111111,0.00763888888889,2016-04-23 20:14:00,2016-04-23 20:25:00,0,1
T1966,0.0673611111111,0.0930555555556,0.0256944444444,2016-04-23 09:37:00,2016-04-23 10:14:00,0,1
T1968,0.582638888889,0.598611111111,0.0159722222222,2016-04-23 21:59:00,2016-04-23 22:22:00,0,1
T1969,0.598611111111,0.598611111111,0.0,2016-04-23 22:22:00,2016-04-23 22:22:00,0,1
T1970,0.598611111111,0.609027777778,0.0104166666667,2016-04-23 22:22:00,2016-04-23 22:37:00,0,1
T1971,0.171527777778,0.171527777778,0.0,2016-04-23 12:07:00,2016-04-23 12:07:00,0,1
T1972,3.76527777778,3.76736111111,0.00208333333333,2016-04-27 02:22:00,2016-04-27 02:25:00,0,1
T1973,3.65972222222,3.76527777778,0.105555555556,2016-04-26 23:50:00,2016-04-27 02:22:00,0,1
T1974,0.931944444444,0.931944444444,0.0,2016-04-24 06:22:00,2016-04-24 06:22:00,0,1
T1975,0.931944444444,0.934722222222,0.00277777777778,2016-04-24 06:22:00,2016-04-24 06:26:00,0,1
T1976,0.925694444444,0.931944444444,0.00625,2016-04-24 06:13:00,2016-04-24 06:22:00,0,1
T1977,0.04375,0.0805555555556,0.0368055555556,2016-04-23 09:03:00,2016-04-23 09:56:00,0,1
T1978,2.53472222222,2.54861111111,0.0138888888889,2016-04-25 20:50:00,2016-04-25 21:10:00,0,1
T1979,2.3875,2.39930555556,0.0118055555556,2016-04-25 17:18:00,2016-04-25 17:35:00,0,1
T1980,2.37430555556,2.3875,0.0131944444444,2016-04-25 16:59:00,2016-04-25 17:18:00,0,1
T1981,2.20763888889,2.37430555556,0.166666666667,2016-04-25 12:59:00,2016-04-25 16:59:00,0,1
T1982,3.54236111111,3.55486111111,0.0125,2016-04-26 21:01:00,2016-04-26 21:19:00,0,1
T1983,2.67430555556,2.68958333333,0.0152777777778,2016-04-26 00:11:00,2016-04-26 00:33:00,0,1
T1984,0.754166666667,0.793055555556,0.0388888888889,2016-04-24 02:06:00,2016-04-24 03:02:00,0,1
T1985,0.793055555556,0.865972222222,0.0729166666667,2016-04-24 03:02:00,2016-04-24 04:47:00,0,1
T1986,3.37638888889,3.39166666667,0.0152777777778,2016-04-26 17:02:00,2016-04-26 17:24:00,0,1
T1987,3.40694444444,3.40972222222,0.00277777777778,2016-04-26 17:46:00,2016-04-26 17:50:00,0,1
T1988,3.39166666667,3.40694444444,0.0152777777778,2016-04-26 17:24:00,2016-04-26 17:46:00,0,1
T1989,3.74236111111,3.74652777778,0.00416666666667,2016-04-27 01:49:00,2016-04-27 01:55:00,0,1
T1990,3.65972222222,3.71527777778,0.0555555555556,2016-04-26 23:50:00,2016-04-27 01:10:00,0,1
T1991,3.71527777778,3.74236111111,0.0270833333333,2016-04-27 01:10:00,2016-04-27 01:49:00,0,1
T1992,3.04236111111,3.09722222222,0.0548611111111,2016-04-26 09:01:00,2016-04-26 10:20:00,0,1
T1993,4.03194444444,4.03194444444,0.0,2016-04-27 08:46:00,2016-04-27 08:46:00,0,1
T1994,2.34722222222,2.37013888889,0.0229166666667,2016-04-25 16:20:00,2016-04-25 16:53:00,0,1
T1995,2.32777777778,2.34722222222,0.0194444444444,2016-04-25 15:52:00,2016-04-25 16:20:00,0,1
T1996,2.30486111111,2.32777777778,0.0229166666667,2016-04-25 15:19:00,2016-04-25 15:52:00,0,1
T1997,0.0402777777778,0.191666666667,0.151388888889,2016-04-23 08:58:00,2016-04-23 12:36:00,0,1
T1999,0.188888888889,0.201388888889,0.0125,2016-04-23 12:32:00,2016-04-23 12:50:00,0,1
T2000,0.176388888889,0.188888888889,0.0125,2016-04-23 12:14:00,2016-04-23 12:32:00,0,1
T2001,1.84861111111,1.87638888889,0.0277777777778,2016-04-25 04:22:00,2016-04-25 05:02:00,0,1
T2002,5.06666666667,5.09236111111,0.0256944444444,2016-04-28 09:36:00,2016-04-28 10:13:00,0,1
T2003,0.00902777777778,0.0270833333333,0.0180555555556,2016-04-23 08:13:00,2016-04-23 08:39:00,0,1
T2004,0.0,0.00902777777778,0.00902777777778,2016-04-23 08:00:00,2016-04-23 08:13:00,0,1
T2005,1.29513888889,1.34791666667,0.0527777777778,2016-04-24 15:05:00,2016-04-24 16:21:00,0,1
T2006,0.20625,0.225,0.01875,2016-04-23 12:57:00,2016-04-23 13:24:00,0,1
T2007,0.863194444444,0.888888888889,0.0256944444444,2016-04-24 04:43:00,2016-04-24 05:20:00,0,1
T2008,1.3125,1.35694444444,0.0444444444444,2016-04-24 15:30:00,2016-04-24 16:34:00,0,1
T2009,2.09236111111,2.13194444444,0.0395833333333,2016-04-25 10:13:00,2016-04-25 11:10:00,0,1
T2010,1.97916666667,2.09236111111,0.113194444444,2016-04-25 07:30:00,2016-04-25 10:13:00,0,1
T2011,0.115972222222,0.136805555556,0.0208333333333,2016-04-23 10:47:00,2016-04-23 11:17:00,0,1
T2012,0.0104166666667,0.0243055555556,0.0138888888889,2016-04-23 08:15:00,2016-04-23 08:35:00,0,1
T2013,0.0243055555556,0.0694444444444,0.0451388888889,2016-04-23 08:35:00,2016-04-23 09:40:00,0,1
T2014,1.14097222222,1.19652777778,0.0555555555556,2016-04-24 11:23:00,2016-04-24 12:43:00,0,1
T2015,4.83125,4.88541666667,0.0541666666667,2016-04-28 03:57:00,2016-04-28 05:15:00,0,1
T2016,4.77986111111,4.83125,0.0513888888889,2016-04-28 02:43:00,2016-04-28 03:57:00,0,1
T2017,0.0236111111111,0.0354166666667,0.0118055555556,2016-04-23 08:34:00,2016-04-23 08:51:00,0,1
T2018,1.49375,1.51458333333,0.0208333333333,2016-04-24 19:51:00,2016-04-24 20:21:00,0,1
T2019,0.691666666667,0.706944444444,0.0152777777778,2016-04-24 00:36:00,2016-04-24 00:58:00,0,1
T2020,1.56875,1.56875,0.0,2016-04-24 21:39:00,2016-04-24 21:39:00,0,1
T2021,3.54236111111,3.65972222222,0.117361111111,2016-04-26 21:01:00,2016-04-26 23:50:00,0,1
T2022,3.43819444444,3.54236111111,0.104166666667,2016-04-26 18:31:00,2016-04-26 21:01:00,0,1
T2023,3.41597222222,3.42847222222,0.0125,2016-04-26 17:59:00,2016-04-26 18:17:00,0,1
T2024,1.12430555556,1.14513888889,0.0208333333333,2016-04-24 10:59:00,2016-04-24 11:29:00,0,1
T2025,2.25694444444,2.42708333333,0.170138888889,2016-04-25 14:10:00,2016-04-25 18:15:00,0,1
T2026,3.99444444444,4.00972222222,0.0152777777778,2016-04-27 07:52:00,2016-04-27 08:14:00,0,1
T2027,4.00972222222,4.0125,0.00277777777778,2016-04-27 08:14:00,2016-04-27 08:18:00,0,1
T2028,3.97916666667,3.99444444444,0.0152777777778,2016-04-27 07:30:00,2016-04-27 07:52:00,0,1
T2029,1.825,1.84583333333,0.0208333333333,2016-04-25 03:48:00,2016-04-25 04:18:00,0,1
T2030,1.84583333333,1.84861111111,0.00277777777778,2016-04-25 04:18:00,2016-04-25 04:22:00,0,1
T2031,0.881944444444,0.926388888889,0.0444444444444,2016-04-24 05:10:00,2016-04-24 06:14:00,0,1
T2032,0.91875,0.931944444444,0.0131944444444,2016-04-24 06:03:00,2016-04-24 06:22:00,0,1
T2033,0.931944444444,0.931944444444,0.0,2016-04-24 06:22:00,2016-04-24 06:22:00,0,1
T2034,2.41944444444,2.64166666667,0.222222222222,2016-04-25 18:04:00,2016-04-25 23:24:00,0,1
T2035,0.654861111111,0.676388888889,0.0215277777778,2016-04-23 23:43:00,2016-04-24 00:14:00,0,1
T2036,0.638888888889,0.654861111111,0.0159722222222,2016-04-23 23:20:00,2016-04-23 23:43:00,0,1
T2037,0.555555555556,0.638888888889,0.0833333333333,2016-04-23 21:20:00,2016-04-23 23:20:00,0,1
T2038,0.00486111111111,0.0152777777778,0.0104166666667,2016-04-23 08:07:00,2016-04-23 08:22:00,0,1
T2039,0.457638888889,0.467361111111,0.00972222222222,2016-04-23 18:59:00,2016-04-23 19:13:00,0,1
T2040,0.467361111111,0.489583333333,0.0222222222222,2016-04-23 19:13:00,2016-04-23 19:45:00,0,1
T2041,2.29652777778,2.30972222222,0.0131944444444,2016-04-25 15:07:00,2016-04-25 15:26:00,0,1
T2042,2.30972222222,2.32152777778,0.0118055555556,2016-04-25 15:26:00,2016-04-25 15:43:00,0,1
T2043,2.12986111111,2.29652777778,0.166666666667,2016-04-25 11:07:00,2016-04-25 15:07:00,0,1
T2044,0.0118055555556,0.0236111111111,0.0118055555556,2016-04-23 08:17:00,2016-04-23 08:34:00,0,1
T2045,0.848611111111,0.870833333333,0.0222222222222,2016-04-24 04:22:00,2016-04-24 04:54:00,0,1
T2046,0.841666666667,0.848611111111,0.00694444444444,2016-04-24 04:12:00,2016-04-24 04:22:00,0,1
T2047,0.870833333333,0.877777777778,0.00694444444444,2016-04-24 04:54:00,2016-04-24 05:04:00,0,1
T2048,1.64097222222,1.67638888889,0.0354166666667,2016-04-24 23:23:00,2016-04-25 00:14:00,0,1
T2049,1.60138888889,1.64097222222,0.0395833333333,2016-04-24 22:26:00,2016-04-24 23:23:00,0,1
T2050,0.876388888889,0.903472222222,0.0270833333333,2016-04-24 05:02:00,2016-04-24 05:41:00,0,1
T2051,0.797916666667,0.827083333333,0.0291666666667,2016-04-24 03:09:00,2016-04-24 03:51:00,0,1
T2052,1.29791666667,1.3125,0.0145833333333,2016-04-24 15:09:00,2016-04-24 15:30:00,0,1
T2053,1.87986111111,1.93194444444,0.0520833333333,2016-04-25 05:07:00,2016-04-25 06:22:00,0,1
T2054,2.83472222222,2.83472222222,0.0,2016-04-26 04:02:00,2016-04-26 04:02:00,0,1
T2055,0.615277777778,0.640972222222,0.0256944444444,2016-04-23 22:46:00,2016-04-23 23:23:00,0,1
T2056,0.172222222222,0.177777777778,0.00555555555556,2016-04-23 12:08:00,2016-04-23 12:16:00,0,1
T2057,0.177777777778,0.181944444444,0.00416666666667,2016-04-23 12:16:00,2016-04-23 12:22:00,0,1
T2058,,,,,,1,0
T2059,2.54861111111,2.56944444444,0.0208333333333,2016-04-25 21:10:00,2016-04-25 21:40:00,0,1
T2060,,,,,,1,0
T2061,,,,,,1,0
T2062,1.64097222222,1.64305555556,0.00208333333333,2016-04-24 23:23:00,2016-04-24 23:26:00,0,1
T2063,2.87430555556,2.8875,0.0131944444444,2016-04-26 04:59:00,2016-04-26 05:18:00,0,1
T2064,1.7,1.7,0.0,2016-04-25 00:48:00,2016-04-25 00:48:00,0,1
T2066,1.7625,1.84583333333,0.0833333333333,2016-04-25 02:18:00,2016-04-25 04:18:00,0,1
T2067,1.3875,1.40138888889,0.0138888888889,2016-04-24 17:18:00,2016-04-24 17:38:00,0,1
T2068,0.245833333333,0.284722222222,0.0388888888889,2016-04-23 13:54:00,2016-04-23 14:50:00,0,1
T2069,1.30694444444,1.3875,0.0805555555556,2016-04-24 15:22:00,2016-04-24 17:18:00,0,1
T2070,4.88541666667,5.04305555556,0.157638888889,2016-04-28 05:15:00,2016-04-28 09:02:00,0,1
T2071,5.04305555556,5.08611111111,0.0430555555556,2016-04-28 09:02:00,2016-04-28 10:04:00,0,1
T2072,0.722222222222,0.863194444444,0.140972222222,2016-04-24 01:20:00,2016-04-24 04:43:00,0,1
T2074,0.186111111111,0.290277777778,0.104166666667,2016-04-23 12:28:00,2016-04-23 14:58:00,0,1
T2075,0.144444444444,0.186111111111,0.0416666666667,2016-04-23 11:28:00,2016-04-23 12:28:00,0,1
T2076,2.37638888889,2.37638888889,0.0,2016-04-25 17:02:00,2016-04-25 17:02:00,0,1
T2077,2.30486111111,2.37638888889,0.0715277777778,2016-04-25 15:19:00,2016-04-25 17:02:00,0,1
T2079,0.721527777778,0.793055555556,0.0715277777778,2016-04-24 01:19:00,2016-04-24 03:02:00,0,1
T2080,0.793055555556,0.793055555556,0.0,2016-04-24 03:02:00,2016-04-24 03:02:00,0,1
T2081,0.0673611111111,0.0826388888889,0.0152777777778,2016-04-23 09:37:00,2016-04-23 09:59:00,0,1
T2083,0.09375,0.115277777778,0.0215277777778,2016-04-23 10:15:00,2016-04-23 10:46:00,0,1
T2084,0.0416666666667,0.0673611111111,0.0256944444444,2016-04-23 09:00:00,2016-04-23 09:37:00,0,1
T2085,0.0291666666667,0.0416666666667,0.0125,2016-04-23 08:42:00,2016-04-23 09:00:00,0,1
T2086,0.0673611111111,0.0798611111111,0.0125,2016-04-23 09:37:00,2016-04-23 09:55:00,0,1
T2087,0.710416666667,0.733333333333,0.0229166666667,2016-04-24 01:03:00,2016-04-24 01:36:00,0,1
T2088,1.35694444444,1.41944444444,0.0625,2016-04-24 16:34:00,2016-04-24 18:04:00,0,1
T2089,5.09236111111,5.23263888889,0.140277777778,2016-04-28 10:13:00,2016-04-28 13:35:00,0,1
T2090,0.863194444444,0.878472222222,0.0152777777778,2016-04-24 04:43:00,2016-04-24 05:05:00,0,1
T2091,2.68958333333,2.78194444444,0.0923611111111,2016-04-26 00:33:00,2016-04-26 02:46:00,0,1
T2092,2.41041666667,2.55069444444,0.140277777778,2016-04-25 17:51:00,2016-04-25 21:13:00,0,1
T2093,2.55069444444,2.68958333333,0.138888888889,2016-04-25 21:13:00,2016-04-26 00:33:00,0,1
T2094,2.78194444444,2.8375,0.0555555555556,2016-04-26 02:46:00,2016-04-26 04:06:00,0,1
T2095,0.172222222222,0.276388888889,0.104166666667,2016-04-23 12:08:00,2016-04-23 14:38:00,0,1
T2096,0.0125,0.0340277777778,0.0215277777778,2016-04-23 08:18:00,2016-04-23 08:49:00,0,1
T2097,0.747916666667,0.765972222222,0.0180555555556,2016-04-24 01:57:00,2016-04-24 02:23:00,0,1
T2098,0.620138888889,0.747916666667,0.127777777778,2016-04-23 22:53:00,2016-04-24 01:57:00,0,1
T2099,0.765972222222,0.776388888889,0.0104166666667,2016-04-24 02:23:00,2016-04-24 02:38:00,0,1
T2100,0.597222222222,0.64375,0.0465277777778,2016-04-23 22:20:00,2016-04-23 23:27:00,0,1
T2101,1.31041666667,1.40833333333,0.0979166666667,2016-04-24 15:27:00,2016-04-24 17:48:00,0,1
T2102,1.0625,1.16597222222,0.103472222222,2016-04-24 09:30:00,2016-04-24 11:59:00,0,1
T2103,1.16597222222,1.31041666667,0.144444444444,2016-04-24 11:59:00,2016-04-24 15:27:00,0,1
T2104,1.74305555556,1.85416666667,0.111111111111,2016-04-25 01:50:00,2016-04-25 04:30:00,0,1
T2105,0.0861111111111,0.11875,0.0326388888889,2016-04-23 10:04:00,2016-04-23 10:51:00,0,1
T2106,0.0659722222222,0.0861111111111,0.0201388888889,2016-04-23 09:35:00,2016-04-23 10:04:00,0,1
T2108,0.864583333333,0.864583333333,0.0,2016-04-24 04:45:00,2016-04-24 04:45:00,0,1
T2109,0.793055555556,0.864583333333,0.0715277777778,2016-04-24 03:02:00,2016-04-24 04:45:00,0,1
T2110,1.72083333333,1.72430555556,0.00347222222222,2016-04-25 01:18:00,2016-04-25 01:23:00,0,1
T2111,1.71041666667,1.72083333333,0.0104166666667,2016-04-25 01:03:00,2016-04-25 01:18:00,0,1
T2112,4.13125,4.1375,0.00625,2016-04-27 11:09:00,2016-04-27 11:18:00,0,1
T2113,0.863194444444,0.885416666667,0.0222222222222,2016-04-24 04:43:00,2016-04-24 05:15:00,0,1
T2114,0.782638888889,0.863194444444,0.0805555555556,2016-04-24 02:47:00,2016-04-24 04:43:00,0,1
T2115,0.885416666667,0.894444444444,0.00902777777778,2016-04-24 05:15:00,2016-04-24 05:28:00,0,1
T2116,0.217361111111,0.270833333333,0.0534722222222,2016-04-23 13:13:00,2016-04-23 14:30:00,0,1
T2117,4.13472222222,4.13541666667,0.000694444444444,2016-04-27 11:14:00,2016-04-27 11:15:00,0,1
T2118,0.645138888889,0.654166666667,0.00902777777778,2016-04-23 23:29:00,2016-04-23 23:42:00,0,1
T2119,0.598611111111,0.645138888889,0.0465277777778,2016-04-23 22:22:00,2016-04-23 23:29:00,0,1
T2120,0.438194444444,0.457638888889,0.0194444444444,2016-04-23 18:31:00,2016-04-23 18:59:00,0,1
T2121,2.30486111111,2.30486111111,0.0,2016-04-25 15:19:00,2016-04-25 15:19:00,0,1
T2122,1.15416666667,1.22777777778,0.0736111111111,2016-04-24 11:42:00,2016-04-24 13:28:00,0,1
T2123,0.467361111111,0.477777777778,0.0104166666667,2016-04-23 19:13:00,2016-04-23 19:28:00,0,1
T2124,1.71319444444,1.71319444444,0.0,2016-04-25 01:07:00,2016-04-25 01:07:00,0,1
T2125,4.54305555556,4.60694444444,0.0638888888889,2016-04-27 21:02:00,2016-04-27 22:34:00,0,1
T2126,0.215277777778,0.615277777778,0.4,2016-04-23 13:10:00,2016-04-23 22:46:00,0,1
T2127,0.686111111111,0.719444444444,0.0333333333333,2016-04-24 00:28:00,2016-04-24 01:16:00,0,1
T2128,0.734027777778,0.75625,0.0222222222222,2016-04-24 01:37:00,2016-04-24 02:09:00,0,1
T2129,0.719444444444,0.734027777778,0.0145833333333,2016-04-24 01:16:00,2016-04-24 01:37:00,0,1
T2130,1.22777777778,1.27222222222,0.0444444444444,2016-04-24 13:28:00,2016-04-24 14:32:00,0,1
T2131,1.27222222222,1.29791666667,0.0256944444444,2016-04-24 14:32:00,2016-04-24 15:09:00,0,1
T2132,1.76875,1.80138888889,0.0326388888889,2016-04-25 02:27:00,2016-04-25 03:14:00,0,1
T2133,1.05486111111,1.09166666667,0.0368055555556,2016-04-24 09:19:00,2016-04-24 10:12:00,0,1
T2134,0.0416666666667,0.0986111111111,0.0569444444444,2016-04-23 09:00:00,2016-04-23 10:22:00,0,1
T2135,0.113194444444,0.122222222222,0.00902777777778,2016-04-23 10:43:00,2016-04-23 10:56:00,0,1
T2136,0.0861111111111,0.113194444444,0.0270833333333,2016-04-23 10:04:00,2016-04-23 10:43:00,0,1
T2137,1.01180555556,1.04791666667,0.0361111111111,2016-04-24 08:17:00,2016-04-24 09:09:00,0,1
T2138,0.04375,0.0618055555556,0.0180555555556,2016-04-23 09:03:00,2016-04-23 09:29:00,0,1
T2139,2.71527777778,2.73055555556,0.0152777777778,2016-04-26 01:10:00,2016-04-26 01:32:00,0,1
T2140,0.979166666667,0.997222222222,0.0180555555556,2016-04-24 07:30:00,2016-04-24 07:56:00,0,1
T2141,4.60694444444,4.63680555556,0.0298611111111,2016-04-27 22:34:00,2016-04-27 23:17:00,0,1
T2142,4.68263888889,4.72986111111,0.0472222222222,2016-04-28 00:23:00,2016-04-28 01:31:00,0,1
T2143,4.63680555556,4.68263888889,0.0458333333333,2016-04-27 23:17:00,2016-04-28 00:23:00,0,1
T2144,4.72986111111,4.76805555556,0.0381944444444,2016-04-28 01:31:00,2016-04-28 02:26:00,0,1
T2146,0.154166666667,0.302777777778,0.148611111111,2016-04-23 11:42:00,2016-04-23 15:16:00,0,1
T2147,1.97916666667,2.09375,0.114583333333,2016-04-25 07:30:00,2016-04-25 10:15:00,0,1
T2148,0.172222222222,0.302777777778,0.130555555556,2016-04-23 12:08:00,2016-04-23 15:16:00,0,1
T2149,3.44166666667,3.44305555556,0.00138888888889,2016-04-26 18:36:00,2016-04-26 18:38:00,0,1
T2150,3.43263888889,3.44166666667,0.00902777777778,2016-04-26 18:23:00,2016-04-26 18:36:00,0,1
T2151,0.433333333333,0.445833333333,0.0125,2016-04-23 18:24:00,2016-04-23 18:42:00,0,1
T2152,1.78055555556,1.84791666667,0.0673611111111,2016-04-25 02:44:00,2016-04-25 04:21:00,0,1
T2153,2.01805555556,2.09583333333,0.0777777777778,2016-04-25 08:26:00,2016-04-25 10:18:00,0,1
T2154,1.97916666667,2.01805555556,0.0388888888889,2016-04-25 07:30:00,2016-04-25 08:26:00,0,1
T2155,4.1375,4.14375,0.00625,2016-04-27 11:18:00,2016-04-27 11:27:00,0,1
T2156,1.45833333333,1.45833333333,0.0,2016-04-24 19:00:00,2016-04-24 19:00:00,0,1
T2157,0.333333333333,0.385416666667,0.0520833333333,2016-04-23 16:00:00,2016-04-23 17:15:00,0,1
T2158,0.575,0.582638888889,0.00763888888889,2016-04-23 21:48:00,2016-04-23 21:59:00,0,1
T2159,1.49166666667,1.49166666667,0.0,2016-04-24 19:48:00,2016-04-24 19:48:00,0,1
T2161,0.239583333333,0.28125,0.0416666666667,2016-04-23 13:45:00,2016-04-23 14:45:00,0,1
T2162,1.75763888889,1.79027777778,0.0326388888889,2016-04-25 02:11:00,2016-04-25 02:58:00,0,1
T2163,0.167361111111,0.176388888889,0.00902777777778,2016-04-23 12:01:00,2016-04-23 12:14:00,0,1
T2164,0.0861111111111,0.136111111111,0.05,2016-04-23 10:04:00,2016-04-23 11:16:00,0,1
T2165,0.136111111111,0.166666666667,0.0305555555556,2016-04-23 11:16:00,2016-04-23 12:00:00,0,1
T2166,2.45416666667,2.53472222222,0.0805555555556,2016-04-25 18:54:00,2016-04-25 20:50:00,0,1
T2167,0.561111111111,0.645833333333,0.0847222222222,2016-04-23 21:28:00,2016-04-23 23:30:00,0,1
T2168,0.0930555555556,0.120138888889,0.0270833333333,2016-04-23 10:14:00,2016-04-23 10:53:00,0,1
T2169,0.120138888889,0.129166666667,0.00902777777778,2016-04-23 10:53:00,2016-04-23 11:06:00,0,1
T2170,3.30416666667,3.3375,0.0333333333333,2016-04-26 15:18:00,2016-04-26 16:06:00,0,1
T2171,0.19375,0.498611111111,0.304861111111,2016-04-23 12:39:00,2016-04-23 19:58:00,0,1
T2172,1.52222222222,1.60277777778,0.0805555555556,2016-04-24 20:32:00,2016-04-24 22:28:00,0,1
T2173,1.625,1.63402777778,0.00902777777778,2016-04-24 23:00:00,2016-04-24 23:13:00,0,1
T2174,1.60277777778,1.625,0.0222222222222,2016-04-24 22:28:00,2016-04-24 23:00:00,0,1
T2176,0.00902777777778,0.0152777777778,0.00625,2016-04-23 08:13:00,2016-04-23 08:22:00,0,1
T2177,2.56944444444,2.64305555556,0.0736111111111,2016-04-25 21:40:00,2016-04-25 23:26:00,0,1
T2178,0.588888888889,0.620138888889,0.03125,2016-04-23 22:08:00,2016-04-23 22:53:00,0,1
T2179,4.15138888889,4.15138888889,0.0,2016-04-27 11:38:00,2016-04-27 11:38:00,0,1
T2180,1.45833333333,1.48888888889,0.0305555555556,2016-04-24 19:00:00,2016-04-24 19:44:00,0,1
T2181,1.43263888889,1.45833333333,0.0256944444444,2016-04-24 18:23:00,2016-04-24 19:00:00,0,1
T2182,1.48888888889,1.49930555556,0.0104166666667,2016-04-24 19:44:00,2016-04-24 19:59:00,0,1
T2183,0.8375,0.895138888889,0.0576388888889,2016-04-24 04:06:00,2016-04-24 05:29:00,0,1
T2184,0.895138888889,0.923611111111,0.0284722222222,2016-04-24 05:29:00,2016-04-24 06:10:00,0,1
T2185,1.34791666667,1.45833333333,0.110416666667,2016-04-24 16:21:00,2016-04-24 19:00:00,0,1
T2186,1.45833333333,1.45833333333,0.0,2016-04-24 19:00:00,2016-04-24 19:00:00,0,1
T2187,0.848611111111,0.881944444444,0.0333333333333,2016-04-24 04:22:00,2016-04-24 05:10:00,0,1
T2188,0.0,0.00763888888889,0.00763888888889,2016-04-23 08:00:00,2016-04-23 08:11:00,0,1
T2189,1.40833333333,1.43263888889,0.0243055555556,2016-04-24 17:48:00,2016-04-24 18:23:00,0,1
T2190,1.44444444444,1.45208333333,0.00763888888889,2016-04-24 18:40:00,2016-04-24 18:51:00,0,1
T2191,1.43263888889,1.44444444444,0.0118055555556,2016-04-24 18:23:00,2016-04-24 18:40:00,0,1
T2192,1.04305555556,1.07361111111,0.0305555555556,2016-04-24 09:02:00,2016-04-24 09:46:00,0,1
T2193,1.07361111111,1.09166666667,0.0180555555556,2016-04-24 09:46:00,2016-04-24 10:12:00,0,1
T2194,0.979166666667,0.994444444444,0.0152777777778,2016-04-24 07:30:00,2016-04-24 07:52:00,0,1
T2195,0.994444444444,1.00347222222,0.00902777777778,2016-04-24 07:52:00,2016-04-24 08:05:00,0,1
T2196,1.00347222222,1.04305555556,0.0395833333333,2016-04-24 08:05:00,2016-04-24 09:02:00,0,1
T2197,0.0798611111111,0.131944444444,0.0520833333333,2016-04-23 09:55:00,2016-04-23 11:10:00,0,1
T2198,0.131944444444,0.131944444444,0.0,2016-04-23 11:10:00,2016-04-23 11:10:00,0,1
T2199,0.0145833333333,0.0402777777778,0.0256944444444,2016-04-23 08:21:00,2016-04-23 08:58:00,0,1
T2200,0.401388888889,0.416666666667,0.0152777777778,2016-04-23 17:38:00,2016-04-23 18:00:00,0,1
T2201,0.391666666667,0.401388888889,0.00972222222222,2016-04-23 17:24:00,2016-04-23 17:38:00,0,1
T2202,0.903472222222,0.91875,0.0152777777778,2016-04-24 05:41:00,2016-04-24 06:03:00,0,1
T2203,1.72777777778,1.75208333333,0.0243055555556,2016-04-25 01:28:00,2016-04-25 02:03:00,0,1
T2204,1.40138888889,1.41388888889,0.0125,2016-04-24 17:38:00,2016-04-24 17:56:00,0,1
T2205,0.0826388888889,0.0979166666667,0.0152777777778,2016-04-23 09:59:00,2016-04-23 10:21:00,0,1
T2207,0.0145833333333,0.108333333333,0.09375,2016-04-23 08:21:00,2016-04-23 10:36:00,0,1
T2208,1.28819444444,1.35486111111,0.0666666666667,2016-04-24 14:55:00,2016-04-24 16:31:00,0,1
T2209,1.80347222222,1.89583333333,0.0923611111111,2016-04-25 03:17:00,2016-04-25 05:30:00,0,1
T2210,0.0770833333333,0.163888888889,0.0868055555556,2016-04-23 09:51:00,2016-04-23 11:56:00,0,1
T2212,0.538888888889,0.561111111111,0.0222222222222,2016-04-23 20:56:00,2016-04-23 21:28:00,0,1
T2213,1.21458333333,1.24791666667,0.0333333333333,2016-04-24 13:09:00,2016-04-24 13:57:00,0,1
T2214,1.18888888889,1.21458333333,0.0256944444444,2016-04-24 12:32:00,2016-04-24 13:09:00,0,1
T2215,1.91527777778,2.1,0.184722222222,2016-04-25 05:58:00,2016-04-25 10:24:00,0,1
T2216,1.88402777778,1.88402777778,0.0,2016-04-25 05:13:00,2016-04-25 05:13:00,0,1
T2217,1.87152777778,1.88402777778,0.0125,2016-04-25 04:55:00,2016-04-25 05:13:00,0,1
T2218,0.864583333333,0.876388888889,0.0118055555556,2016-04-24 04:45:00,2016-04-24 05:02:00,0,1
T2219,1.19652777778,1.27013888889,0.0736111111111,2016-04-24 12:43:00,2016-04-24 14:29:00,0,1
T2220,2.15972222222,2.22708333333,0.0673611111111,2016-04-25 11:50:00,2016-04-25 13:27:00,0,1
T2221,1.73333333333,1.75763888889,0.0243055555556,2016-04-25 01:36:00,2016-04-25 02:11:00,0,1
T2222,0.590972222222,0.615277777778,0.0243055555556,2016-04-23 22:11:00,2016-04-23 22:46:00,0,1
T2223,0.615277777778,0.627083333333,0.0118055555556,2016-04-23 22:46:00,2016-04-23 23:03:00,0,1
T2224,0.579166666667,0.590972222222,0.0118055555556,2016-04-23 21:54:00,2016-04-23 22:11:00,0,1
T2225,2.18819444444,2.20208333333,0.0138888888889,2016-04-25 12:31:00,2016-04-25 12:51:00,0,1
T2226,4.15138888889,4.20277777778,0.0513888888889,2016-04-27 11:38:00,2016-04-27 12:52:00,0,1
T2227,0.827083333333,0.841666666667,0.0145833333333,2016-04-24 03:51:00,2016-04-24 04:12:00,0,1
T2228,2.89236111111,2.89583333333,0.00347222222222,2016-04-26 05:25:00,2016-04-26 05:30:00,0,1
T2229,2.87916666667,2.89236111111,0.0131944444444,2016-04-26 05:06:00,2016-04-26 05:25:00,0,1
T2230,2.89236111111,2.89236111111,0.0,2016-04-26 05:25:00,2016-04-26 05:25:00,0,1
T2231,2.89583333333,2.89583333333,0.0,2016-04-26 05:30:00,2016-04-26 05:30:00,0,1
T2232,1.16944444444,1.16944444444,0.0,2016-04-24 12:04:00,2016-04-24 12:04:00,0,1
T2233,1.09166666667,1.16944444444,0.0777777777778,2016-04-24 10:12:00,2016-04-24 12:04:00,0,1
T2234,4.51041666667,4.51041666667,0.0,2016-04-27 20:15:00,2016-04-27 20:15:00,0,1
T2235,1.04930555556,1.0625,0.0131944444444,2016-04-24 09:11:00,2016-04-24 09:30:00,0,1
T2236,1.0625,1.0625,0.0,2016-04-24 09:30:00,2016-04-24 09:30:00,0,1
T2237,1.0625,1.06527777778,0.00277777777778,2016-04-24 09:30:00,2016-04-24 09:34:00,0,1
T2238,0.982638888889,0.986111111111,0.00347222222222,2016-04-24 07:35:00,2016-04-24 07:40:00,0,1
T2239,0.979166666667,0.982638888889,0.00347222222222,2016-04-24 07:30:00,2016-04-24 07:35:00,0,1
T2240,0.164583333333,0.190972222222,0.0263888888889,2016-04-23 11:57:00,2016-04-23 12:35:00,0,1
T2241,0.190972222222,0.19375,0.00277777777778,2016-04-23 12:35:00,2016-04-23 12:39:00,0,1
T2242,1.17083333333,1.17083333333,0.0,2016-04-24 12:06:00,2016-04-24 12:06:00,0,1
T2243,0.0805555555556,0.139583333333,0.0590277777778,2016-04-23 09:56:00,2016-04-23 11:21:00,0,1
T2244,0.334027777778,0.34375,0.00972222222222,2016-04-23 16:01:00,2016-04-23 16:15:00,0,1
T2245,1.10069444444,1.14097222222,0.0402777777778,2016-04-24 10:25:00,2016-04-24 11:23:00,0,1
T2247,0.990277777778,0.990277777778,0.0,2016-04-24 07:46:00,2016-04-24 07:46:00,0,1
T2248,0.91875,0.990277777778,0.0715277777778,2016-04-24 06:03:00,2016-04-24 07:46:00,0,1
T2249,3.34027777778,3.35555555556,0.0152777777778,2016-04-26 16:10:00,2016-04-26 16:32:00,0,1
T2250,3.35555555556,3.35833333333,0.00277777777778,2016-04-26 16:32:00,2016-04-26 16:36:00,0,1
T2251,3.325,3.34027777778,0.0152777777778,2016-04-26 15:48:00,2016-04-26 16:10:00,0,1
T2252,0.401388888889,0.429861111111,0.0284722222222,2016-04-23 17:38:00,2016-04-23 18:19:00,0,1
T2253,0.34375,0.401388888889,0.0576388888889,2016-04-23 16:15:00,2016-04-23 17:38:00,0,1
T2254,0.979166666667,1.03472222222,0.0555555555556,2016-04-24 07:30:00,2016-04-24 08:50:00,0,1
T2255,0.702777777778,0.73125,0.0284722222222,2016-04-24 00:52:00,2016-04-24 01:33:00,0,1
T2256,4.0125,4.03541666667,0.0229166666667,2016-04-27 08:18:00,2016-04-27 08:51:00,0,1
T2257,3.87708333333,3.90277777778,0.0256944444444,2016-04-27 05:03:00,2016-04-27 05:40:00,0,1
T2258,0.136111111111,0.26875,0.132638888889,2016-04-23 11:16:00,2016-04-23 14:27:00,0,1
T2259,0.109027777778,0.527083333333,0.418055555556,2016-04-23 10:37:00,2016-04-23 20:39:00,0,1
T2260,0.527083333333,0.542361111111,0.0152777777778,2016-04-23 20:39:00,2016-04-23 21:01:00,0,1
T2261,0.0659722222222,0.109027777778,0.0430555555556,2016-04-23 09:35:00,2016-04-23 10:37:00,0,1
T2262,0.0125,0.0180555555556,0.00555555555556,2016-04-23 08:18:00,2016-04-23 08:26:00,0,1
T2263,0.0180555555556,0.0659722222222,0.0479166666667,2016-04-23 08:26:00,2016-04-23 09:35:00,0,1
T2264,1.76875,1.83402777778,0.0652777777778,2016-04-25 02:27:00,2016-04-25 04:01:00,0,1
T2265,0.276388888889,0.384027777778,0.107638888889,2016-04-23 14:38:00,2016-04-23 17:13:00,0,1
T2267,0.122222222222,0.128472222222,0.00625,2016-04-23 10:56:00,2016-04-23 11:05:00,0,1
T2268,2.99513888889,3.15138888889,0.15625,2016-04-26 07:53:00,2016-04-26 11:38:00,0,1
T2269,3.08333333333,3.35555555556,0.272222222222,2016-04-26 10:00:00,2016-04-26 16:32:00,0,1
T2270,1.09652777778,1.09930555556,0.00277777777778,2016-04-24 10:19:00,2016-04-24 10:23:00,0,1
T2271,1.07569444444,1.09652777778,0.0208333333333,2016-04-24 09:49:00,2016-04-24 10:19:00,0,1
T2272,1.7,1.71041666667,0.0104166666667,2016-04-25 00:48:00,2016-04-25 01:03:00,0,1
T2273,1.68958333333,1.7,0.0104166666667,2016-04-25 00:33:00,2016-04-25 00:48:00,0,1
T2274,3.26180555556,3.33194444444,0.0701388888889,2016-04-26 14:17:00,2016-04-26 15:58:00,0,1
T2275,1.80138888889,1.85347222222,0.0520833333333,2016-04-25 03:14:00,2016-04-25 04:29:00,0,1
T2276,1.56736111111,1.56736111111,0.0,2016-04-24 21:37:00,2016-04-24 21:37:00,0,1
T2277,3.18333333333,3.18333333333,0.0,2016-04-26 12:24:00,2016-04-26 12:24:00,0,1
T2278,3.15138888889,3.18333333333,0.0319444444444,2016-04-26 11:38:00,2016-04-26 12:24:00,0,1
T2279,0.721527777778,0.721527777778,0.0,2016-04-24 01:19:00,2016-04-24 01:19:00,0,1
T2280,0.64375,0.721527777778,0.0777777777778,2016-04-23 23:27:00,2016-04-24 01:19:00,0,1
T2281,1.72083333333,1.73333333333,0.0125,2016-04-25 01:18:00,2016-04-25 01:36:00,0,1
T2282,5.025,5.06666666667,0.0416666666667,2016-04-28 08:36:00,2016-04-28 09:36:00,0,1
T2283,0.15625,0.181944444444,0.0256944444444,2016-04-23 11:45:00,2016-04-23 12:22:00,0,1
T2284,0.181944444444,0.215277777778,0.0333333333333,2016-04-23 12:22:00,2016-04-23 13:10:00,0,1
T2285,0.477777777778,0.510416666667,0.0326388888889,2016-04-23 19:28:00,2016-04-23 20:15:00,0,1
T2286,0.510416666667,0.522222222222,0.0118055555556,2016-04-23 20:15:00,2016-04-23 20:32:00,0,1
T2287,2.68958333333,2.71527777778,0.0256944444444,2016-04-26 00:33:00,2016-04-26 01:10:00,0,1
T2288,1.07361111111,1.12430555556,0.0506944444444,2016-04-24 09:46:00,2016-04-24 10:59:00,0,1
T2289,1.12430555556,1.13194444444,0.00763888888889,2016-04-24 10:59:00,2016-04-24 11:10:00,0,1
T2290,0.0,0.0145833333333,0.0145833333333,2016-04-23 08:00:00,2016-04-23 08:21:00,0,1
T2291,0.0145833333333,0.04375,0.0291666666667,2016-04-23 08:21:00,2016-04-23 09:03:00,0,1
T2292,1.7,1.76111111111,0.0611111111111,2016-04-25 00:48:00,2016-04-25 02:16:00,0,1
T2293,0.877777777778,0.903472222222,0.0256944444444,2016-04-24 05:04:00,2016-04-24 05:41:00,0,1
T2294,4.0125,4.075,0.0625,2016-04-27 08:18:00,2016-04-27 09:48:00,0,1
T2295,0.494444444444,0.522916666667,0.0284722222222,2016-04-23 19:52:00,2016-04-23 20:33:00,0,1
T2296,0.522916666667,0.522916666667,0.0,2016-04-23 20:33:00,2016-04-23 20:33:00,0,1
T2297,0.385416666667,0.4375,0.0520833333333,2016-04-23 17:15:00,2016-04-23 18:30:00,0,1
T2298,3.27708333333,3.30416666667,0.0270833333333,2016-04-26 14:39:00,2016-04-26 15:18:00,0,1
T2299,3.76736111111,3.81041666667,0.0430555555556,2016-04-27 02:25:00,2016-04-27 03:27:00,0,1
T2300,0.0423611111111,0.0548611111111,0.0125,2016-04-23 09:01:00,2016-04-23 09:19:00,0,1
T2301,3.38333333333,3.43819444444,0.0548611111111,2016-04-26 17:12:00,2016-04-26 18:31:00,0,1
T2302,0.0618055555556,0.0881944444444,0.0263888888889,2016-04-23 09:29:00,2016-04-23 10:07:00,0,1
T2304,0.0125,0.0770833333333,0.0645833333333,2016-04-23 08:18:00,2016-04-23 09:51:00,0,1
T2305,1.97916666667,2.09097222222,0.111805555556,2016-04-25 07:30:00,2016-04-25 10:11:00,0,1
T2306,2.09375,2.21597222222,0.122222222222,2016-04-25 10:15:00,2016-04-25 13:11:00,0,1
T2307,4.13125,4.13125,0.0,2016-04-27 11:09:00,2016-04-27 11:09:00,0,1
T2308,4.06597222222,4.13125,0.0652777777778,2016-04-27 09:35:00,2016-04-27 11:09:00,0,1
T2309,0.710416666667,0.736111111111,0.0256944444444,2016-04-24 01:03:00,2016-04-24 01:40:00,0,1
T2310,1.19513888889,1.22777777778,0.0326388888889,2016-04-24 12:41:00,2016-04-24 13:28:00,0,1
T2311,1.23402777778,1.23958333333,0.00555555555556,2016-04-24 13:37:00,2016-04-24 13:45:00,0,1
T2312,1.22777777778,1.23402777778,0.00625,2016-04-24 13:28:00,2016-04-24 13:37:00,0,1
T2313,0.11875,0.144444444444,0.0256944444444,2016-04-23 10:51:00,2016-04-23 11:28:00,0,1
T2314,2.1,2.15972222222,0.0597222222222,2016-04-25 10:24:00,2016-04-25 11:50:00,0,1
T2315,2.15972222222,2.15972222222,0.0,2016-04-25 11:50:00,2016-04-25 11:50:00,0,1
T2316,0.429861111111,0.433333333333,0.00347222222222,2016-04-23 18:19:00,2016-04-23 18:24:00,0,1
T2317,0.409722222222,0.429861111111,0.0201388888889,2016-04-23 17:50:00,2016-04-23 18:19:00,0,1
T2318,1.85833333333,1.87152777778,0.0131944444444,2016-04-25 04:36:00,2016-04-25 04:55:00,0,1
T2319,1.84583333333,1.85833333333,0.0125,2016-04-25 04:18:00,2016-04-25 04:36:00,0,1
T2320,5.37569444444,5.40347222222,0.0277777777778,2016-04-28 17:01:00,2016-04-28 17:41:00,0,1
T2321,1.46597222222,1.55833333333,0.0923611111111,2016-04-24 19:11:00,2016-04-24 21:24:00,0,1
T350,1.50208333333,1.56736111111,0.0652777777778,2016-04-24 20:03:00,2016-04-24 21:37:00,0,1
T367,1.575,1.59444444444,0.0194444444444,2016-04-24 21:48:00,2016-04-24 22:16:00,0,1
T443,1.14513888889,1.17083333333,0.0256944444444,2016-04-24 11:29:00,2016-04-24 12:06:00,0,1
T449,2.73055555556,2.83472222222,0.104166666667,2016-04-26 01:32:00,2016-04-26 04:02:00,0,1
T460,0.527083333333,0.555555555556,0.0284722222222,2016-04-23 20:39:00,2016-04-23 21:20:00,0,1
T462,0.545833333333,0.574305555556,0.0284722222222,2016-04-23 21:06:00,2016-04-23 21:47:00,0,1
T481,1.55416666667,1.7,0.145833333333,2016-04-24 21:18:00,2016-04-25 00:48:00,0,1
T483,1.43263888889,1.45833333333,0.0256944444444,2016-04-24 18:23:00,2016-04-24 19:00:00,0,1
T485,1.54305555556,1.56875,0.0256944444444,2016-04-24 21:02:00,2016-04-24 21:39:00,0,1
T513,1.63541666667,1.71319444444,0.0777777777778,2016-04-24 23:15:00,2016-04-25 01:07:00,0,1
T515,2.22708333333,2.30486111111,0.0777777777778,2016-04-25 13:27:00,2016-04-25 15:19:00,0,1
T517,1.41388888889,1.49166666667,0.0777777777778,2016-04-24 17:56:00,2016-04-24 19:48:00,0,1
T533,0.0,0.0,0.0,2016-04-23 08:00:00,2016-04-23 08:00:00,0,1
T535,0.422916666667,0.438194444444,0.0152777777778,2016-04-23 18:09:00,2016-04-23 18:31:00,0,1
T537,0.422916666667,0.461805555556,0.0388888888889,2016-04-23 18:09:00,2016-04-23 19:05:00,0,1
T601,3.10833333333,3.24652777778,0.138194444444,2016-04-26 10:36:00,2016-04-26 13:55:00,0,1
T608,3.24652777778,3.26180555556,0.0152777777778,2016-04-26 13:55:00,2016-04-26 14:17:00,0,1
T684,3.84027777778,3.86180555556,0.0215277777778,2016-04-27 04:10:00,2016-04-27 04:41:00,0,1
T685,3.76736111111,3.84027777778,0.0729166666667,2016-04-27 02:25:00,2016-04-27 04:10:00,0,1
T686,3.86180555556,3.91666666667,0.0548611111111,2016-04-27 04:41:00,2016-04-27 06:00:00,0,1
T687,3.91666666667,3.92569444444,0.00902777777778,2016-04-27 06:00:00,2016-04-27 06:13:00,0,1
T778,4.07361111111,4.15138888889,0.0777777777778,2016-04-27 09:46:00,2016-04-27 11:38:00,0,1
T781,4.49097222222,4.54305555556,0.0520833333333,2016-04-27 19:47:00,2016-04-27 21:02:00,0,1
T790,4.0125,4.03194444444,0.0194444444444,2016-04-27 08:18:00,2016-04-27 08:46:00,0,1
T792,4.49097222222,4.51041666667,0.0194444444444,2016-04-27 19:47:00,2016-04-27 20:15:00,0,1
T797,0.131944444444,0.15625,0.0243055555556,2016-04-23 11:10:00,2016-04-23 11:45:00,0,1
T799,0.0,0.0138888888889,0.0138888888889,2016-04-23 08:00:00,2016-04-23 08:20:00,0,1
T801,0.0694444444444,0.0861111111111,0.0166666666667,2016-04-23 09:40:00,2016-04-23 10:04:00,0,1
T803,0.0243055555556,0.0486111111111,0.0243055555556,2016-04-23 08:35:00,2016-04-23 09:10:00,0,1
T805,0.0152777777778,0.0291666666667,0.0138888888889,2016-04-23 08:22:00,2016-04-23 08:42:00,0,1
T807,0.0270833333333,0.04375,0.0166666666667,2016-04-23 08:39:00,2016-04-23 09:03:00,0,1
T809,0.270833333333,0.334027777778,0.0631944444444,2016-04-23 14:30:00,2016-04-23 16:01:00,0,1
T811,0.120138888889,0.20625,0.0861111111111,2016-04-23 10:53:00,2016-04-23 12:57:00,0,1
T813,0.290277777778,0.327083333333,0.0368055555556,2016-04-23 14:58:00,2016-04-23 15:51:00,0,1
T815,0.00208333333333,0.00486111111111,0.00277777777778,2016-04-23 08:03:00,2016-04-23 08:07:00,0,1
T817,1.27916666667,1.30486111111,0.0256944444444,2016-04-24 14:42:00,2016-04-24 15:19:00,0,1
T819,0.0881944444444,0.158333333333,0.0701388888889,2016-04-23 10:07:00,2016-04-23 11:48:00,0,1
T821,0.0833333333333,0.09375,0.0104166666667,2016-04-23 10:00:00,2016-04-23 10:15:00,0,1
T823,0.0,0.0104166666667,0.0104166666667,2016-04-23 08:00:00,2016-04-23 08:15:00,0,1
T849,4.33402777778,4.54305555556,0.209027777778,2016-04-27 16:01:00,2016-04-27 21:02:00,0,1
T864,0.158333333333,0.172222222222,0.0138888888889,2016-04-23 11:48:00,2016-04-23 12:08:00,0,1
T866,0.7625,0.776388888889,0.0138888888889,2016-04-24 02:18:00,2016-04-24 02:38:00,0,1
T875,2.29652777778,2.41041666667,0.113888888889,2016-04-25 15:07:00,2016-04-25 17:51:00,0,1
T884,2.89583333333,2.93194444444,0.0361111111111,2016-04-26 05:30:00,2016-04-26 06:22:00,0,1
T917,0.0,0.0125,0.0125,2016-04-23 08:00:00,2016-04-23 08:18:00,0,1
T927,3.41597222222,3.43263888889,0.0166666666667,2016-04-26 17:59:00,2016-04-26 18:23:00,0,1
T935,0.0,0.00208333333333,0.00208333333333,2016-04-23 08:00:00,2016-04-23 08:03:00,0,1
T944,0.986111111111,1.01180555556,0.0256944444444,2016-04-24 07:40:00,2016-04-24 08:17:00,0,1
